Time,Channel A,Channel B
(ms),(V),(mV)

-0.19670400,4.90768100,13.14432000
-0.03286400,4.90768100,12.24708000
0.13097600,4.99618500,12.24708000
0.29481600,5.08499400,11.34678000
0.45865600,4.99618500,12.24708000
0.62249599,5.08499400,12.24708000
0.78633599,5.08499400,12.24708000
0.95017599,5.17349800,12.24708000
1.11401599,5.17349800,12.24708000
1.27785599,5.26230700,12.24708000
1.44169599,5.26230700,14.04462000
1.60553599,5.35111500,14.04462000
1.76937599,5.35111500,14.04462000
1.93321599,5.43961900,14.04462000
2.09705599,5.43961900,13.14432000
2.26089598,5.43961900,14.04462000
2.42473598,5.52842800,12.24708000
2.58857598,5.61693100,11.34678000
2.75241598,5.61693100,10.44649000
2.91625598,5.70574000,9.54619000
3.08009598,5.70574000,9.54619000
3.24393598,5.70574000,7.74559700
3.40777598,5.79454900,6.84530200
3.57161598,5.79454900,5.94500500
3.73545598,5.79454900,5.04776100
3.89929597,5.88305300,4.15051700
4.06313597,5.88305300,2.34992500
4.22697597,5.97186200,1.44962900
4.39081597,5.97186200,1.44962900
4.55465597,6.06036600,1.44962900
4.71849597,6.06036600,1.44962900
4.88233597,6.06036600,0.54933320
5.04617597,6.14917500,0.54933320
5.21001597,6.14917500,-0.35096290
5.37385597,6.14917500,1.44962900
5.53769596,6.23767800,0.54933320
5.70153596,6.32648700,1.44962900
5.86537596,6.32648700,1.44962900
6.02921596,6.41529600,1.44962900
6.19305596,6.41529600,1.44962900
6.35689596,6.50379900,2.34992500
6.52073596,6.50379900,1.44962900
6.68457596,6.59260800,1.44962900
6.84841596,6.59260800,1.44962900
7.01225596,6.59260800,0.54933320
7.17609595,6.68111200,0.54933320
7.33993595,6.68111200,-1.25125900
7.50377595,6.76992100,-1.25125900
7.66761595,6.76992100,-2.15155500
7.83145595,6.85873000,-3.94909500
7.99529595,6.85873000,-4.84939100
8.15913595,6.85873000,-5.74968700
8.32297595,6.94723400,-6.64998300
8.48681595,6.94723400,-7.55027900
8.65065595,6.94723400,-9.35087100
8.81449594,7.03604200,-9.35087100
8.97833594,7.12454600,-10.24812000
9.14217594,7.12454600,-9.35087100
9.30601594,7.12454600,-9.35087100
9.46985594,7.21335500,-11.14841000
9.63369594,7.21335500,-11.14841000
9.79753594,7.30216400,-11.14841000
9.96137594,7.30216400,-11.14841000
10.12521594,7.30216400,-12.04871000
10.28905594,7.39066700,-12.94900000
10.45289593,7.47947600,-12.04871000
10.61673593,7.47947600,-12.94900000
10.78057593,7.47947600,-12.94900000
10.94441593,7.56798000,-14.74959000
11.10825593,7.56798000,-13.84930000
11.27209593,7.65678900,-14.74959000
11.43593593,7.65678900,-15.64989000
11.59977593,7.74559800,-16.55019000
11.76361593,7.74559800,-16.55019000
11.92745593,7.83410100,-16.55019000
12.09129592,7.83410100,-16.55019000
12.25513592,7.83410100,-16.55019000
12.41897592,7.83410100,-17.44743000
12.58281592,7.92291000,-16.55019000
12.74665592,7.83410100,-16.55019000
12.91049592,7.83410100,-16.55019000
13.07433592,7.74559800,-16.55019000
13.23817592,7.65678900,-14.74959000
13.40201592,7.56798000,-13.84930000
13.56585592,7.56798000,-12.94900000
13.72969591,7.47947600,-12.04871000
13.89353591,7.47947600,-12.04871000
14.05737591,7.39066700,-12.04871000
14.22121591,7.39066700,-11.14841000
14.38505591,7.39066700,-11.14841000
14.54889591,7.30216400,-10.24812000
14.71273591,7.30216400,-10.24812000
14.87657591,7.21335500,-9.35087100
15.04041591,7.21335500,-9.35087100
15.20425591,7.12454600,-9.35087100
15.36809590,7.12454600,-9.35087100
15.53193590,7.12454600,-8.45057600
15.69577590,7.03604200,-8.45057600
15.85961590,6.94723400,-6.64998300
16.02345590,6.94723400,-6.64998300
16.18729590,6.94723400,-5.74968700
16.35113590,6.85873000,-4.84939100
16.51497590,6.85873000,-4.84939100
16.67881590,6.85873000,-3.04879900
16.84265590,6.76992100,-2.15155500
17.00649589,6.68111200,-0.35096290
17.17033589,6.68111200,-0.35096290
17.33417589,6.68111200,0.54933320
17.49801589,6.68111200,1.44962900
17.66185589,6.59260800,2.34992500
17.82569589,6.50379900,2.34992500
17.98953589,6.50379900,2.34992500
18.15337589,6.41529600,2.34992500
18.31721589,6.32648700,3.25022100
18.48105589,6.32648700,3.25022100
18.64489588,6.32648700,2.34992500
18.80873588,6.23767800,3.25022100
18.97257588,6.23767800,2.34992500
19.13641588,6.23767800,2.34992500
19.30025588,6.23767800,2.34992500
19.46409588,6.14917500,1.44962900
19.62793588,6.06036600,1.44962900
19.79177588,6.06036600,2.34992500
19.95561588,5.97186200,2.34992500
20.11945588,5.97186200,3.25022100
20.28329587,5.88305300,3.25022100
20.44713587,5.88305300,4.15051700
20.61097587,5.88305300,5.04776100
20.77481587,5.79454900,5.04776100
20.93865587,5.79454900,6.84530200
21.10249587,5.70574000,7.74559700
21.26633587,5.70574000,8.64589300
21.43017587,5.70574000,9.54619000
21.59401587,5.61693100,10.44649000
21.75785587,5.61693100,11.34678000
21.92169586,5.52842800,11.34678000
22.08553586,5.52842800,12.24708000
22.24937586,5.43961900,12.24708000
22.41321586,5.43961900,14.04462000
22.57705586,5.35111500,14.94491000
22.74089586,5.35111500,14.04462000
22.90473586,5.35111500,14.04462000
23.06857586,5.35111500,14.04462000
23.23241586,5.26230700,13.14432000
23.39625586,5.17349800,14.04462000
23.56009585,5.17349800,12.24708000
23.72393585,5.08499400,12.24708000
23.88777585,5.08499400,12.24708000
24.05161585,4.99618500,13.14432000
24.21545585,4.99618500,12.24708000
24.37929585,4.99618500,12.24708000
24.54313585,4.90768100,12.24708000
24.70697585,4.90768100,12.24708000
24.87081585,4.81887200,13.14432000
25.03465585,4.81887200,14.04462000
25.19849584,4.81887200,14.04462000
25.36233584,4.73006400,14.04462000
25.52617584,4.73006400,12.24708000
25.69001584,4.73006400,13.14432000
25.85385584,4.64156000,13.14432000
26.01769584,4.64156000,12.24708000
26.18153584,4.55275100,12.24708000
26.34537584,4.55275100,11.34678000
26.50921584,4.46424800,10.44649000
26.67305584,4.46424800,9.54619000
26.83689584,4.37543900,8.64589300
27.00073583,4.37543900,8.64589300
27.16457583,4.28663000,6.84530200
27.32841583,4.28663000,6.84530200
27.49225583,4.28663000,5.04776100
27.65609583,4.19812600,4.15051700
27.81993583,4.19812600,3.25022100
27.98377583,4.10931700,2.34992500
28.14761583,4.10931700,3.25022100
28.31145583,4.02081300,2.34992500
28.47529583,4.02081300,2.34992500
28.63913582,3.93200500,2.34992500
28.80297582,3.93200500,2.34992500
28.96681582,3.93200500,2.34992500
29.13065582,3.84319600,1.44962900
29.29449582,3.84319600,1.44962900
29.45833582,3.75469200,1.44962900
29.62217582,3.75469200,2.34992500
29.78601582,3.75469200,1.44962900
29.94985582,3.66588300,1.44962900
30.11369582,3.66588300,1.44962900
30.27753581,3.57738000,1.44962900
30.44137581,3.48857100,1.44962900
30.60521581,3.48857100,1.44962900
30.76905581,3.48857100,0.54933320
30.93289581,3.39976200,1.44962900
31.09673581,3.39976200,0.54933320
31.26057581,3.31125800,-0.35096290
31.42441581,3.31125800,0.54933320
31.58825581,3.22244900,-0.35096290
31.75209581,3.22244900,-0.35096290
31.91593580,3.22244900,-0.35096290
32.07977580,3.13394600,-0.35096290
32.24361580,3.13394600,-1.25125900
32.40745580,3.13394600,-1.25125900
32.57129580,3.04513700,-2.15155500
32.73513580,2.95663300,-2.15155500
32.89897580,2.95663300,-2.15155500
33.06281580,2.95663300,-3.94909500
33.22665580,2.86782400,-4.84939100
33.39049580,2.86782400,-4.84939100
33.55433579,2.77901600,-5.74968700
33.71817579,2.77901600,-6.64998300
33.88201579,2.77901600,-7.55027900
34.04585579,2.69051200,-7.55027900
34.20969579,2.69051200,-9.35087100
34.37353579,2.60170300,-9.35087100
34.53737579,2.60170300,-9.35087100
34.70121579,2.51319900,-11.14841000
34.86505579,2.51319900,-11.14841000
35.02889579,2.51319900,-11.14841000
35.19273578,2.42439000,-12.04871000
35.35657578,2.42439000,-12.04871000
35.52041578,2.33558200,-12.04871000
35.68425578,2.24707800,-12.94900000
35.84809578,2.24707800,-12.94900000
36.01193578,2.24707800,-12.94900000
36.17577578,2.15826900,-12.94900000
36.33961578,2.06976500,-12.94900000
36.50345578,2.06976500,-12.94900000
36.66729578,1.98095600,-12.04871000
36.83113577,1.98095600,-12.04871000
36.99497577,1.98095600,-12.04871000
37.15881577,1.89214800,-12.04871000
37.32265577,1.89214800,-12.04871000
37.48649577,1.89214800,-12.04871000
37.65033577,1.89214800,-12.04871000
37.81417577,1.89214800,-11.14841000
37.97801577,1.98095600,-12.04871000
38.14185577,2.06976500,-12.04871000
38.30569577,2.15826900,-12.94900000
38.46953576,2.24707800,-12.94900000
38.63337576,2.24707800,-12.94900000
38.79721576,2.33558200,-12.94900000
38.96105576,2.33558200,-12.94900000
39.12489576,2.42439000,-12.04871000
39.28873576,2.42439000,-12.04871000
39.45257576,2.51319900,-12.04871000
39.61641576,2.51319900,-11.14841000
39.78025576,2.51319900,-10.24812000
39.94409576,2.60170300,-10.24812000
40.10793575,2.60170300,-9.35087100
40.27177575,2.60170300,-9.35087100
40.43561575,2.69051200,-7.55027900
40.59945575,2.69051200,-6.64998300
40.76329575,2.77901600,-5.74968700
40.92713575,2.77901600,-5.74968700
41.09097575,2.86782400,-3.94909500
41.25481575,2.86782400,-3.94909500
41.41865575,2.95663300,-3.04879900
41.58249575,2.95663300,-2.15155500
41.74633574,2.95663300,-2.15155500
41.91017574,2.95663300,-2.15155500
42.07401574,3.04513700,-1.25125900
42.23785574,3.13394600,-0.35096290
42.40169574,3.13394600,-0.35096290
42.56553574,3.22244900,0.54933320
42.72937574,3.22244900,-0.35096290
42.89321574,3.31125800,0.54933320
43.05705574,3.31125800,1.44962900
43.22089574,3.31125800,-0.35096290
43.38473573,3.31125800,0.54933320
43.54857573,3.39976200,0.54933320
43.71241573,3.48857100,0.54933320
43.87625573,3.48857100,1.44962900
44.04009573,3.57738000,1.44962900
44.20393573,3.57738000,1.44962900
44.36777573,3.66588300,0.54933320
44.53161573,3.66588300,0.54933320
44.69545573,3.75469200,1.44962900
44.85929573,3.75469200,0.54933320
45.02313572,3.84319600,1.44962900
45.18697572,3.84319600,2.34992500
45.35081572,3.93200500,2.34992500
45.51465572,3.93200500,2.34992500
45.67849572,3.93200500,2.34992500
45.84233572,3.93200500,2.34992500
46.00617572,4.02081300,2.34992500
46.17001572,4.02081300,2.34992500
46.33385572,4.10931700,3.25022100
46.49769572,4.10931700,2.34992500
46.66153571,4.19812600,3.25022100
46.82537571,4.19812600,4.15051700
46.98921571,4.28663000,5.04776100
47.15305571,4.28663000,5.04776100
47.31689571,4.37543900,6.84530200
47.48073571,4.37543900,7.74559700
47.64457571,4.46424800,8.64589300
47.80841571,4.46424800,9.54619000
47.97225571,4.46424800,10.44649000
48.13609571,4.55275100,10.44649000
48.29993570,4.55275100,11.34678000
48.46377570,4.64156000,12.24708000
48.62761570,4.64156000,12.24708000
48.79145570,4.64156000,12.24708000
48.95529570,4.73006400,12.24708000
49.11913570,4.73006400,13.14432000
49.28297570,4.81887200,13.14432000
49.44681570,4.81887200,13.14432000
49.61065570,4.90768100,12.24708000
49.77449570,4.90768100,12.24708000
49.93833569,4.90768100,12.24708000
50.10217569,4.99618500,10.44649000
50.26601569,4.99618500,11.34678000
50.42985569,4.99618500,11.34678000
50.59369569,5.08499400,12.24708000
50.75753569,5.08499400,12.24708000
50.92137569,5.17349800,12.24708000
51.08521569,5.17349800,12.24708000
51.24905569,5.26230700,12.24708000
51.41289569,5.26230700,14.04462000
51.57673568,5.35111500,14.04462000
51.74057568,5.35111500,13.14432000
51.90441568,5.43961900,12.24708000
52.06825568,5.43961900,12.24708000
52.23209568,5.52842800,12.24708000
52.39593568,5.52842800,12.24708000
52.55977568,5.52842800,10.44649000
52.72361568,5.61693100,10.44649000
52.88745568,5.61693100,9.54619000
53.05129568,5.61693100,8.64589300
53.21513567,5.70574000,8.64589300
53.37897567,5.79454900,6.84530200
53.54281567,5.79454900,5.94500500
53.70665567,5.79454900,5.94500500
53.87049567,5.88305300,4.15051700
54.03433567,5.88305300,4.15051700
54.19817567,5.97186200,2.34992500
54.36201567,5.97186200,3.25022100
54.52585567,5.97186200,2.34992500
54.68969567,6.06036600,2.34992500
54.85353566,6.06036600,1.44962900
55.01737566,6.06036600,2.34992500
55.18121566,6.14917500,2.34992500
55.34505566,6.14917500,2.34992500
55.50889566,6.23767800,2.34992500
55.67273566,6.23767800,3.25022100
55.83657566,6.32648700,3.25022100
56.00041566,6.41529600,3.25022100
56.16425566,6.41529600,4.15051700
56.32809566,6.41529600,3.25022100
56.49193565,6.50379900,4.15051700
56.65577565,6.50379900,3.25022100
56.81961565,6.59260800,2.34992500
56.98345565,6.59260800,2.34992500
57.14729565,6.68111200,1.44962900
57.31113565,6.68111200,0.54933320
57.47497565,6.76992100,-0.35096290
57.63881565,6.76992100,-1.25125900
57.80265565,6.85873000,-3.94909500
57.96649565,6.85873000,-3.94909500
58.13033564,6.85873000,-5.74968700
58.29417564,6.94723400,-6.64998300
58.45801564,6.94723400,-6.64998300
58.62185564,7.03604200,-8.45057600
58.78569564,7.03604200,-8.45057600
58.94953564,7.03604200,-9.35087100
59.11337564,7.12454600,-10.24812000
59.27721564,7.12454600,-10.24812000
59.44105564,7.21335500,-9.35087100
59.60489564,7.21335500,-10.24812000
59.76873563,7.30216400,-10.24812000
59.93257563,7.30216400,-11.14841000
60.09641563,7.39066700,-11.14841000
60.26025563,7.39066700,-12.04871000
60.42409563,7.47947600,-11.14841000
60.58793563,7.47947600,-12.94900000
60.75177563,7.47947600,-13.84930000
60.91561563,7.56798000,-14.74959000
61.07945563,7.56798000,-14.74959000
61.24329563,7.65678900,-14.74959000
61.40713562,7.65678900,-16.55019000
61.57097562,7.65678900,-15.64989000
61.73481562,7.74559800,-16.55019000
61.89865562,7.74559800,-16.55019000
62.06249562,7.83410100,-16.55019000
62.22633562,7.83410100,-17.44743000
62.39017562,7.83410100,-16.55019000
62.55401562,7.83410100,-16.55019000
62.71785562,7.83410100,-17.44743000
62.88169562,7.83410100,-16.55019000
63.04553561,7.74559800,-17.44743000
63.20937561,7.65678900,-14.74959000
63.37321561,7.65678900,-13.84930000
63.53705561,7.56798000,-13.84930000
63.70089561,7.47947600,-12.94900000
63.86473561,7.47947600,-12.04871000
64.02857561,7.39066700,-11.14841000
64.19241561,7.39066700,-11.14841000
64.35625561,7.39066700,-11.14841000
64.52009561,7.30216400,-10.24812000
64.68393560,7.30216400,-10.24812000
64.84777560,7.30216400,-9.35087100
65.01161560,7.21335500,-9.35087100
65.17545560,7.12454600,-9.35087100
65.33929560,7.12454600,-8.45057600
65.50313560,7.03604200,-8.45057600
65.66697560,7.03604200,-7.55027900
65.83081560,7.03604200,-7.55027900
65.99465560,6.94723400,-6.64998300
66.15849560,6.94723400,-5.74968700
66.32233560,6.85873000,-5.74968700
66.48617559,6.85873000,-3.94909500
66.65001559,6.85873000,-2.15155500
66.81385559,6.76992100,-2.15155500
66.97769559,6.68111200,-0.35096290
67.14153559,6.68111200,1.44962900
67.30537559,6.68111200,2.34992500
67.46921559,6.59260800,2.34992500
67.63305559,6.59260800,3.25022100
67.79689559,6.50379900,4.15051700
67.96073559,6.50379900,5.04776100
68.12457558,6.50379900,5.04776100
68.28841558,6.41529600,5.04776100
68.45225558,6.41529600,5.04776100
68.61609558,6.32648700,5.04776100
68.77993558,6.32648700,5.04776100
68.94377558,6.23767800,5.04776100
69.10761558,6.23767800,4.15051700
69.27145558,6.14917500,4.15051700
69.43529558,6.14917500,4.15051700
69.59913558,6.06036600,3.25022100
69.76297557,6.06036600,4.15051700
69.92681557,5.97186200,3.25022100
70.09065557,5.97186200,5.04776100
70.25449557,5.97186200,4.15051700
70.41833557,5.97186200,5.04776100
70.58217557,5.79454900,5.94500500
70.74601557,5.88305300,6.84530200
70.90985557,5.79454900,6.84530200
71.07369557,5.79454900,7.74559700
71.23753557,5.79454900,8.64589300
71.40137556,5.70574000,9.54619000
71.56521556,5.61693100,9.54619000
71.72905556,5.61693100,11.34678000
71.89289556,5.52842800,11.34678000
72.05673556,5.52842800,12.24708000
72.22057556,5.52842800,14.04462000
72.38441556,5.43961900,14.04462000
72.54825556,5.43961900,14.04462000
72.71209556,5.35111500,14.04462000
72.87593556,5.35111500,14.04462000
73.03977555,5.26230700,14.04462000
73.20361555,5.26230700,14.04462000
73.36745555,5.26230700,13.14432000
73.53129555,5.17349800,14.04462000
73.69513555,5.08499400,14.04462000
73.85897555,5.08499400,11.34678000
74.02281555,5.08499400,11.34678000
74.18665555,4.99618500,12.24708000
74.35049555,4.99618500,12.24708000
74.51433555,4.90768100,12.24708000
74.67817554,4.90768100,12.24708000
74.84201554,4.90768100,11.34678000
75.00585554,4.81887200,12.24708000
75.16969554,4.81887200,13.14432000
75.33353554,4.81887200,13.14432000
75.49737554,4.73006400,12.24708000
75.66121554,4.73006400,13.14432000
75.82505554,4.64156000,12.24708000
75.98889554,4.64156000,11.34678000
76.15273554,4.55275100,12.24708000
76.31657553,4.55275100,11.34678000
76.48041553,4.46424800,9.54619000
76.64425553,4.37543900,9.54619000
76.80809553,4.46424800,8.64589300
76.97193553,4.37543900,6.84530200
77.13577553,4.37543900,6.84530200
77.29961553,4.28663000,5.94500500
77.46345553,4.28663000,4.15051700
77.62729553,4.19812600,4.15051700
77.79113553,4.19812600,3.25022100
77.95497552,4.10931700,2.34992500
78.11881552,4.10931700,2.34992500
78.28265552,4.02081300,2.34992500
78.44649552,4.02081300,3.25022100
78.61033552,4.02081300,2.34992500
78.77417552,3.93200500,1.44962900
78.93801552,3.93200500,1.44962900
79.10185552,3.84319600,1.44962900
79.26569552,3.84319600,1.44962900
79.42953552,3.75469200,0.54933320
79.59337551,3.75469200,0.54933320
79.75721551,3.75469200,0.54933320
79.92105551,3.66588300,-0.35096290
80.08489551,3.66588300,-0.35096290
80.24873551,3.57738000,-1.25125900
80.41257551,3.48857100,-0.35096290
80.57641551,3.48857100,-0.35096290
80.74025551,3.48857100,-2.15155500
80.90409551,3.39976200,-0.35096290
81.06793551,3.39976200,-2.15155500
81.23177550,3.31125800,-1.25125900
81.39561550,3.31125800,-2.15155500
81.55945550,3.22244900,-1.25125900
81.72329550,3.22244900,-1.25125900
81.88713550,3.22244900,-2.15155500
82.05097550,3.13394600,-2.15155500
82.21481550,3.13394600,-1.25125900
82.37865550,3.13394600,-2.15155500
82.54249550,3.04513700,-2.15155500
82.70633550,3.04513700,-3.04879900
82.87017549,2.95663300,-3.04879900
83.03401549,2.95663300,-3.94909500
83.19785549,2.86782400,-4.84939100
83.36169549,2.86782400,-5.74968700
83.52553549,2.77901600,-5.74968700
83.68937549,2.77901600,-7.55027900
83.85321549,2.69051200,-7.55027900
84.01705549,2.69051200,-9.35087100
84.18089549,2.69051200,-9.35087100
84.34473549,2.60170300,-10.24812000
84.50857548,2.60170300,-12.04871000
84.67241548,2.60170300,-12.04871000
84.83625548,2.51319900,-12.94900000
85.00009548,2.51319900,-12.94900000
85.16393548,2.42439000,-13.84930000
85.32777548,2.42439000,-13.84930000
85.49161548,2.33558200,-12.94900000
85.65545548,2.33558200,-13.84930000
85.81929548,2.24707800,-14.74959000
85.98313548,2.24707800,-13.84930000
86.14697547,2.15826900,-13.84930000
86.31081547,2.06976500,-13.84930000
86.47465547,2.06976500,-12.94900000
86.63849547,1.98095600,-12.94900000
86.80233547,1.98095600,-12.94900000
86.96617547,1.98095600,-12.04871000
87.13001547,1.89214800,-12.94900000
87.29385547,1.89214800,-12.04871000
87.45769547,1.89214800,-12.04871000
87.62153547,1.89214800,-12.94900000
87.78537546,1.89214800,-12.04871000
87.94921546,1.98095600,-12.04871000
88.11305546,1.98095600,-12.94900000
88.27689546,2.15826900,-13.84930000
88.44073546,2.15826900,-12.94900000
88.60457546,2.24707800,-14.74959000
88.76841546,2.33558200,-12.94900000
88.93225546,2.33558200,-14.74959000
89.09609546,2.42439000,-13.84930000
89.25993546,2.42439000,-13.84930000
89.42377545,2.51319900,-12.94900000
89.58761545,2.42439000,-12.94900000
89.75145545,2.51319900,-11.14841000
89.91529545,2.51319900,-12.04871000
90.07913545,2.60170300,-11.14841000
90.24297545,2.60170300,-9.35087100
90.40681545,2.69051200,-8.45057600
90.57065545,2.69051200,-6.64998300
90.73449545,2.77901600,-6.64998300
90.89833545,2.77901600,-5.74968700
91.06217544,2.86782400,-4.84939100
91.22601544,2.86782400,-3.94909500
91.38985544,2.95663300,-3.04879900
91.55369544,2.95663300,-3.04879900
91.71753544,2.95663300,-2.15155500
91.88137544,3.04513700,-2.15155500
92.04521544,3.04513700,-1.25125900
92.20905544,3.13394600,-2.15155500
92.37289544,3.13394600,-2.15155500
92.53673544,3.13394600,-1.25125900
92.70057543,3.22244900,-1.25125900
92.86441543,3.22244900,-1.25125900
93.02825543,3.31125800,-1.25125900
93.19209543,3.31125800,-0.35096290
93.35593543,3.31125800,-1.25125900
93.51977543,3.39976200,-0.35096290
93.68361543,3.39976200,-0.35096290
93.84745543,3.48857100,-0.35096290
94.01129543,3.57738000,-0.35096290
94.17513543,3.57738000,0.54933320
94.33897542,3.57738000,-0.35096290
94.50281542,3.57738000,-0.35096290
94.66665542,3.75469200,0.54933320
94.83049542,3.75469200,1.44962900
94.99433542,3.75469200,1.44962900
95.15817542,3.84319600,1.44962900
95.32201542,3.84319600,2.34992500
95.48585542,3.93200500,3.25022100
95.64969542,3.93200500,3.25022100
95.81353542,3.93200500,3.25022100
95.97737541,4.02081300,3.25022100
96.14121541,4.02081300,2.34992500
96.30505541,4.10931700,3.25022100
96.46889541,4.10931700,4.15051700
96.63273541,4.10931700,5.04776100
96.79657541,4.19812600,5.04776100
96.96041541,4.28663000,5.94500500
97.12425541,4.28663000,6.84530200
97.28809541,4.28663000,6.84530200
97.45193541,4.37543900,7.74559700
97.61577540,4.37543900,9.54619000
97.77961540,4.46424800,10.44649000
97.94345540,4.46424800,10.44649000
98.10729540,4.46424800,11.34678000
98.27113540,4.55275100,12.24708000
98.43497540,4.55275100,12.24708000
98.59881540,4.64156000,12.24708000
98.76265540,4.64156000,12.24708000
98.92649540,4.73006400,12.24708000
99.09033540,4.73006400,12.24708000
99.25417539,4.73006400,12.24708000
99.41801539,4.81887200,12.24708000
99.58185539,4.81887200,12.24708000
99.74569539,4.90768100,13.14432000
99.90953539,4.90768100,11.34678000
100.07337539,4.99618500,11.34678000
100.23721539,4.99618500,12.24708000
100.40105539,4.99618500,13.14432000
100.56489539,5.08499400,12.24708000
100.72873539,5.08499400,12.24708000
100.89257538,5.08499400,12.24708000
101.05641538,5.17349800,12.24708000
101.22025538,5.26230700,13.14432000
101.38409538,5.26230700,14.04462000
101.54793538,5.35111500,14.04462000
101.71177538,5.35111500,14.04462000
101.87561538,5.43961900,13.14432000
102.03945538,5.43961900,13.14432000
102.20329538,5.43961900,13.14432000
102.36713538,5.52842800,12.24708000
102.53097537,5.52842800,11.34678000
102.69481537,5.52842800,9.54619000
102.85865537,5.61693100,9.54619000
103.02249537,5.70574000,9.54619000
103.18633537,5.70574000,8.64589300
103.35017537,5.79454900,7.74559700
103.51401537,5.79454900,5.94500500
103.67785537,5.79454900,5.94500500
103.84169537,5.79454900,5.94500500
104.00553537,5.88305300,5.04776100
104.16937537,5.88305300,4.15051700
104.33321536,5.97186200,4.15051700
104.49705536,5.97186200,3.25022100
104.66089536,6.06036600,3.25022100
104.82473536,6.06036600,3.25022100
104.98857536,6.14917500,3.25022100
105.15241536,6.14917500,3.25022100
105.31625536,6.14917500,3.25022100
105.48009536,6.23767800,4.15051700
105.64393536,6.23767800,4.15051700
105.80777536,6.32648700,4.15051700
105.97161535,6.32648700,5.04776100
106.13545535,6.41529600,4.15051700
106.29929535,6.41529600,3.25022100
106.46313535,6.50379900,3.25022100
106.62697535,6.50379900,3.25022100
106.79081535,6.59260800,2.34992500
106.95465535,6.59260800,1.44962900
107.11849535,6.59260800,1.44962900
107.28233535,6.68111200,-0.35096290
107.44617535,6.68111200,-0.35096290
107.61001534,6.76992100,-2.15155500
107.77385534,6.76992100,-4.84939100
107.93769534,6.76992100,-4.84939100
108.10153534,6.85873000,-5.74968700
108.26537534,6.85873000,-6.64998300
108.42921534,6.94723400,-7.55027900
108.59305534,6.94723400,-8.45057600
108.75689534,7.03604200,-9.35087100
108.92073534,7.03604200,-9.35087100
109.08457534,7.12454600,-9.35087100
109.24841533,7.12454600,-9.35087100
109.41225533,7.21335500,-10.24812000
109.57609533,7.21335500,-10.24812000
109.73993533,7.30216400,-12.04871000
109.90377533,7.30216400,-12.04871000
110.06761533,7.30216400,-11.14841000
110.23145533,7.30216400,-12.04871000
110.39529533,7.47947600,-12.04871000
110.55913533,7.47947600,-12.94900000
110.72297533,7.47947600,-12.94900000
110.88681532,7.56798000,-14.74959000
111.05065532,7.56798000,-14.74959000
111.21449532,7.56798000,-14.74959000
111.37833532,7.65678900,-16.55019000
111.54217532,7.65678900,-16.55019000
111.70601532,7.74559800,-17.44743000
111.86985532,7.74559800,-18.34773000
112.03369532,7.83410100,-17.44743000
112.19753532,7.83410100,-18.34773000
112.36137532,7.83410100,-18.34773000
112.52521531,7.92291000,-17.44743000
112.68905531,7.83410100,-17.44743000
112.85289531,7.83410100,-17.44743000
113.01673531,7.74559800,-18.34773000
113.18057531,7.74559800,-16.55019000
113.34441531,7.56798000,-15.64989000
113.50825531,7.56798000,-14.74959000
113.67209531,7.47947600,-12.94900000
113.83593531,7.47947600,-12.04871000
113.99977531,7.39066700,-12.04871000
114.16361530,7.39066700,-12.04871000
114.32745530,7.30216400,-11.14841000
114.49129530,7.30216400,-11.14841000
114.65513530,7.30216400,-11.14841000
114.81897530,7.21335500,-10.24812000
114.98281530,7.21335500,-9.35087100
115.14665530,7.21335500,-10.24812000
115.31049530,7.12454600,-9.35087100
115.47433530,7.12454600,-8.45057600
115.63817530,7.03604200,-8.45057600
115.80201529,7.03604200,-7.55027900
115.96585529,6.94723400,-6.64998300
116.12969529,6.94723400,-5.74968700
116.29353529,6.94723400,-4.84939100
116.45737529,6.85873000,-4.84939100
116.62121529,6.76992100,-3.04879900
116.78505529,6.76992100,-3.04879900
116.94889529,6.76992100,-0.35096290
117.11273529,6.68111200,0.54933320
117.27657529,6.68111200,1.44962900
117.44041528,6.68111200,2.34992500
117.60425528,6.59260800,4.15051700
117.76809528,6.59260800,5.04776100
117.93193528,6.50379900,5.04776100
118.09577528,6.41529600,5.94500500
118.25961528,6.41529600,5.94500500
118.42345528,6.41529600,5.94500500
118.58729528,6.32648700,6.84530200
118.75113528,6.32648700,6.84530200
118.91497528,6.23767800,5.94500500
119.07881527,6.23767800,6.84530200
119.24265527,6.14917500,5.94500500
119.40649527,6.14917500,6.84530200
119.57033527,6.06036600,5.94500500
119.73417527,6.06036600,5.94500500
119.89801527,6.06036600,5.94500500
120.06185527,5.97186200,5.94500500
120.22569527,5.97186200,5.94500500
120.38953527,5.88305300,6.84530200
120.55337527,5.88305300,6.84530200
120.71721526,5.79454900,6.84530200
120.88105526,5.79454900,6.84530200
121.04489526,5.79454900,8.64589300
121.20873526,5.70574000,9.54619000
121.37257526,5.61693100,9.54619000
121.53641526,5.70574000,10.44649000
121.70025526,5.61693100,10.44649000
121.86409526,5.61693100,13.14432000
122.02793526,5.52842800,12.24708000
122.19177526,5.52842800,13.14432000
122.35561525,5.43961900,14.04462000
122.51945525,5.43961900,14.04462000
122.68329525,5.35111500,14.94491000
122.84713525,5.35111500,14.94491000
123.01097525,5.26230700,14.04462000
123.17481525,5.26230700,14.04462000
123.33865525,5.26230700,14.04462000
123.50249525,5.17349800,14.04462000
123.66633525,5.08499400,14.04462000
123.83017525,5.08499400,14.04462000
123.99401524,4.99618500,14.04462000
124.15785524,4.99618500,12.24708000
124.32169524,4.99618500,13.14432000
124.48553524,4.90768100,14.04462000
124.64937524,4.90768100,12.24708000
124.81321524,4.81887200,12.24708000
124.97705524,4.81887200,13.14432000
125.14089524,4.81887200,12.24708000
125.30473524,4.81887200,12.24708000
125.46857524,4.73006400,12.24708000
125.63241523,4.73006400,12.24708000
125.79625523,4.64156000,11.34678000
125.96009523,4.64156000,11.34678000
126.12393523,4.55275100,11.34678000
126.28777523,4.55275100,10.44649000
126.45161523,4.46424800,9.54619000
126.61545523,4.46424800,8.64589300
126.77929523,4.37543900,8.64589300
126.94313523,4.37543900,7.74559700
127.10697523,4.28663000,6.84530200
127.27081522,4.28663000,6.84530200
127.43465522,4.28663000,5.94500500
127.59849522,4.19812600,4.15051700
127.76233522,4.19812600,4.15051700
127.92617522,4.19812600,3.25022100
128.09001522,4.10931700,3.25022100
128.25385522,4.02081300,2.34992500
128.41769522,4.02081300,2.34992500
128.58153522,4.02081300,2.34992500
128.74537522,3.93200500,2.34992500
128.90921521,3.93200500,1.44962900
129.07305521,3.84319600,2.34992500
129.23689521,3.84319600,1.44962900
129.40073521,3.84319600,0.54933320
129.56457521,3.75469200,0.54933320
129.72841521,3.66588300,-0.35096290
129.89225521,3.66588300,-0.35096290
130.05609521,3.66588300,-1.25125900
130.21993521,3.57738000,-1.25125900
130.38377521,3.57738000,-3.04879900
130.54761520,3.48857100,-2.15155500
130.71145520,3.48857100,-2.15155500
130.87529520,3.39976200,-3.94909500
131.03913520,3.39976200,-4.84939100
131.20297520,3.31125800,-3.94909500
131.36681520,3.31125800,-3.04879900
131.53065520,3.22244900,-4.84939100
131.69449520,3.22244900,-3.94909500
131.85833520,3.22244900,-3.94909500
132.02217520,3.13394600,-3.04879900
132.18601519,3.13394600,-3.94909500
132.34985519,3.13394600,-4.84939100
132.51369519,3.04513700,-3.94909500
132.67753519,3.04513700,-4.84939100
132.84137519,2.95663300,-4.84939100
133.00521519,2.95663300,-5.74968700
133.16905519,2.86782400,-6.64998300
133.33289519,2.86782400,-7.55027900
133.49673519,2.77901600,-8.45057600
133.66057519,2.77901600,-8.45057600
133.82441518,2.69051200,-9.35087100
133.98825518,2.69051200,-11.14841000
134.15209518,2.69051200,-11.14841000
134.31593518,2.60170300,-12.94900000
134.47977518,2.60170300,-13.84930000
134.64361518,2.51319900,-14.74959000
134.80745518,2.51319900,-15.64989000
134.97129518,2.42439000,-15.64989000
135.13513518,2.42439000,-16.55019000
135.29897518,2.42439000,-17.44743000
135.46281517,2.33558200,-16.55019000
135.62665517,2.33558200,-17.44743000
135.79049517,2.24707800,-16.55019000
135.95433517,2.24707800,-17.44743000
136.11817517,2.15826900,-16.55019000
136.28201517,2.15826900,-16.55019000
136.44585517,2.06976500,-14.74959000
136.60969517,2.06976500,-15.64989000
136.77353517,1.98095600,-14.74959000
136.93737517,1.98095600,-14.74959000
137.10121516,1.98095600,-13.84930000
137.26505516,1.89214800,-13.84930000
137.42889516,1.89214800,-13.84930000
137.59273516,1.89214800,-12.94900000
137.75657516,1.89214800,-12.94900000
137.92041516,1.98095600,-14.74959000
138.08425516,2.06976500,-14.74959000
138.24809516,2.06976500,-16.55019000
138.41193516,2.15826900,-16.55019000
138.57577516,2.24707800,-16.55019000
138.73961515,2.24707800,-17.44743000
138.90345515,2.33558200,-17.44743000
139.06729515,2.42439000,-16.55019000
139.23113515,2.42439000,-16.55019000
139.39497515,2.42439000,-16.55019000
139.55881515,2.51319900,-15.64989000
139.72265515,2.51319900,-15.64989000
139.88649515,2.51319900,-14.74959000
140.05033515,2.60170300,-13.84930000
140.21417515,2.60170300,-12.94900000
140.37801514,2.69051200,-11.14841000
140.54185514,2.69051200,-10.24812000
140.70569514,2.77901600,-9.35087100
140.86953514,2.77901600,-7.55027900
141.03337514,2.86782400,-7.55027900
141.19721514,2.86782400,-6.64998300
141.36105514,2.86782400,-5.74968700
141.52489514,2.86782400,-5.74968700
141.68873514,2.95663300,-4.84939100
141.85257514,3.04513700,-3.94909500
142.01641514,3.04513700,-3.94909500
142.18025513,3.04513700,-3.94909500
142.34409513,3.13394600,-3.04879900
142.50793513,3.13394600,-3.94909500
142.67177513,3.22244900,-3.04879900
142.83561513,3.22244900,-3.04879900
142.99945513,3.31125800,-3.94909500
143.16329513,3.31125800,-3.04879900
143.32713513,3.31125800,-3.04879900
143.49097513,3.39976200,-3.94909500
143.65481513,3.39976200,-3.04879900
143.81865512,3.48857100,-2.15155500
143.98249512,3.57738000,-3.04879900
144.14633512,3.57738000,-3.04879900
144.31017512,3.57738000,-2.15155500
144.47401512,3.66588300,-1.25125900
144.63785512,3.66588300,-0.35096290
144.80169512,3.75469200,-0.35096290
144.96553512,3.75469200,0.54933320
145.12937512,3.84319600,2.34992500
145.29321512,3.84319600,2.34992500
145.45705511,3.93200500,2.34992500
145.62089511,3.93200500,2.34992500
145.78473511,3.93200500,3.25022100
145.94857511,4.02081300,3.25022100
146.11241511,4.02081300,3.25022100
146.27625511,4.10931700,4.15051700
146.44009511,4.10931700,3.25022100
146.60393511,4.10931700,5.04776100
146.76777511,4.19812600,4.15051700
146.93161511,4.28663000,5.04776100
147.09545510,4.28663000,5.94500500
147.25929510,4.28663000,5.94500500
147.42313510,4.37543900,6.84530200
147.58697510,4.37543900,8.64589300
147.75081510,4.46424800,8.64589300
147.91465510,4.46424800,8.64589300
148.07849510,4.46424800,9.54619000
148.24233510,4.55275100,10.44649000
148.40617510,4.55275100,11.34678000
148.57001510,4.64156000,11.34678000
148.73385509,4.64156000,13.14432000
148.89769509,4.73006400,13.14432000
149.06153509,4.73006400,12.24708000
149.22537509,4.73006400,12.24708000
149.38921509,4.81887200,13.14432000
149.55305509,4.90768100,14.04462000
149.71689509,4.90768100,13.14432000
149.88073509,4.90768100,13.14432000
150.04457509,4.99618500,14.04462000
150.20841509,4.99618500,14.04462000
150.37225508,4.99618500,14.04462000
150.53609508,5.08499400,14.04462000
150.69993508,5.08499400,14.04462000
150.86377508,5.17349800,14.94491000
151.02761508,5.17349800,14.04462000
151.19145508,5.26230700,14.04462000
151.35529508,5.26230700,15.84521000
151.51913508,5.35111500,14.94491000
151.68297508,5.35111500,15.84521000
151.84681508,5.35111500,15.84521000
152.01065507,5.43961900,14.94491000
152.17449507,5.43961900,14.94491000
152.33833507,5.52842800,14.04462000
152.50217507,5.52842800,14.04462000
152.66601507,5.52842800,13.14432000
152.82985507,5.61693100,12.24708000
152.99369507,5.70574000,11.34678000
153.15753507,5.70574000,10.44649000
153.32137507,5.79454900,9.54619000
153.48521507,5.79454900,9.54619000
153.64905506,5.79454900,9.54619000
153.81289506,5.88305300,8.64589300
153.97673506,5.88305300,7.74559700
154.14057506,5.97186200,7.74559700
154.30441506,5.97186200,7.74559700
154.46825506,5.97186200,6.84530200
154.63209506,6.06036600,6.84530200
154.79593506,6.06036600,7.74559700
154.95977506,6.14917500,6.84530200
155.12361506,6.14917500,7.74559700
155.28745505,6.14917500,7.74559700
155.45129505,6.23767800,6.84530200
155.61513505,6.23767800,6.84530200
155.77897505,6.32648700,7.74559700
155.94281505,6.41529600,6.84530200
156.10665505,6.41529600,6.84530200
156.27049505,6.41529600,6.84530200
156.43433505,6.50379900,5.94500500
156.59817505,6.50379900,5.04776100
156.76201505,6.50379900,4.15051700
156.92585504,6.59260800,4.15051700
157.08969504,6.68111200,2.34992500
157.25353504,6.68111200,1.44962900
157.41737504,6.68111200,0.54933320
157.58121504,6.68111200,-0.35096290
157.74505504,6.76992100,-1.25125900
157.90889504,6.85873000,-3.04879900
158.07273504,6.85873000,-4.84939100
158.23657504,6.94723400,-5.74968700
158.40041504,6.94723400,-7.55027900
158.56425503,6.94723400,-7.55027900
158.72809503,7.03604200,-7.55027900
158.89193503,7.03604200,-8.45057600
159.05577503,7.12454600,-8.45057600
159.21961503,7.12454600,-9.35087100
159.38345503,7.21335500,-9.35087100
159.54729503,7.21335500,-10.24812000
159.71113503,7.21335500,-9.35087100
159.87497503,7.21335500,-10.24812000
160.03881503,7.30216400,-11.14841000
160.20265502,7.39066700,-12.04871000
160.36649502,7.39066700,-12.04871000
160.53033502,7.47947600,-12.04871000
160.69417502,7.47947600,-12.94900000
160.85801502,7.47947600,-13.84930000
161.02185502,7.56798000,-14.74959000
161.18569502,7.65678900,-14.74959000
161.34953502,7.65678900,-16.55019000
161.51337502,7.65678900,-17.44743000
161.67721502,7.74559800,-17.44743000
161.84105501,7.74559800,-18.34773000
162.00489501,7.83410100,-17.44743000
162.16873501,7.83410100,-18.34773000
162.33257501,7.83410100,-18.34773000
162.49641501,7.92291000,-18.34773000
162.66025501,7.83410100,-18.34773000
162.82409501,7.83410100,-18.34773000
162.98793501,7.83410100,-18.34773000
163.15177501,7.74559800,-16.55019000
163.31561501,7.65678900,-16.55019000
163.47945500,7.56798000,-14.74959000
163.64329500,7.47947600,-13.84930000
163.80713500,7.47947600,-12.94900000
163.97097500,7.39066700,-12.94900000
164.13481500,7.39066700,-12.04871000
164.29865500,7.39066700,-11.14841000
164.46249500,7.30216400,-10.24812000
164.62633500,7.30216400,-10.24812000
164.79017500,7.30216400,-10.24812000
164.95401500,7.21335500,-9.35087100
165.11785499,7.21335500,-9.35087100
165.28169499,7.12454600,-8.45057600
165.44553499,7.12454600,-8.45057600
165.60937499,7.03604200,-6.64998300
165.77321499,6.94723400,-6.64998300
165.93705499,6.94723400,-5.74968700
166.10089499,6.94723400,-5.74968700
166.26473499,6.94723400,-4.84939100
166.42857499,6.85873000,-3.94909500
166.59241499,6.85873000,-3.04879900
166.75625498,6.76992100,-2.15155500
166.92009498,6.76992100,-0.35096290
167.08393498,6.76992100,0.54933320
167.24777498,6.68111200,1.44962900
167.41161498,6.68111200,3.25022100
167.57545498,6.59260800,4.15051700
167.73929498,6.59260800,5.94500500
167.90313498,6.50379900,6.84530200
168.06697498,6.50379900,6.84530200
168.23081498,6.41529600,6.84530200
168.39465497,6.32648700,8.64589300
168.55849497,6.41529600,8.64589300
168.72233497,6.32648700,8.64589300
168.88617497,6.23767800,8.64589300
169.05001497,6.23767800,8.64589300
169.21385497,6.23767800,9.54619000
169.37769497,6.14917500,8.64589300
169.54153497,6.06036600,9.54619000
169.70537497,6.06036600,8.64589300
169.86921497,6.06036600,9.54619000
170.03305496,5.97186200,9.54619000
170.19689496,5.97186200,9.54619000
170.36073496,5.88305300,10.44649000
170.52457496,5.88305300,9.54619000
170.68841496,5.88305300,9.54619000
170.85225496,5.79454900,9.54619000
171.01609496,5.79454900,11.34678000
171.17993496,5.70574000,11.34678000
171.34377496,5.70574000,12.24708000
171.50761496,5.70574000,13.14432000
171.67145495,5.61693100,14.04462000
171.83529495,5.61693100,14.04462000
171.99913495,5.52842800,14.94491000
172.16297495,5.43961900,15.84521000
172.32681495,5.43961900,15.84521000
172.49065495,5.43961900,14.94491000
172.65449495,5.43961900,15.84521000
172.81833495,5.35111500,16.74551000
172.98217495,5.26230700,15.84521000
173.14601495,5.26230700,16.74551000
173.30985494,5.26230700,15.84521000
173.47369494,5.17349800,15.84521000
173.63753494,5.08499400,15.84521000
173.80137494,5.08499400,15.84521000
173.96521494,5.08499400,14.94491000
174.12905494,4.99618500,14.04462000
174.29289494,4.99618500,14.04462000
174.45673494,4.99618500,14.04462000
174.62057494,4.90768100,14.04462000
174.78441494,4.90768100,14.04462000
174.94825493,4.81887200,13.14432000
175.11209493,4.81887200,14.04462000
175.27593493,4.81887200,14.04462000
175.43977493,4.73006400,13.14432000
175.60361493,4.64156000,12.24708000
175.76745493,4.64156000,12.24708000
175.93129493,4.64156000,12.24708000
176.09513493,4.55275100,10.44649000
176.25897493,4.55275100,10.44649000
176.42281493,4.55275100,9.54619000
176.58665492,4.37543900,9.54619000
176.75049492,4.46424800,8.64589300
176.91433492,4.37543900,7.74559700
177.07817492,4.37543900,7.74559700
177.24201492,4.28663000,6.84530200
177.40585492,4.28663000,5.94500500
177.56969492,4.19812600,5.94500500
177.73353492,4.19812600,4.15051700
177.89737492,4.19812600,4.15051700
178.06121492,4.10931700,4.15051700
178.22505491,4.02081300,3.25022100
178.38889491,4.02081300,4.15051700
178.55273491,4.02081300,3.25022100
178.71657491,3.93200500,2.34992500
178.88041491,3.93200500,2.34992500
179.04425491,3.93200500,1.44962900
179.20809491,3.84319600,1.44962900
179.37193491,3.84319600,0.54933320
179.53577491,3.75469200,0.54933320
179.69961491,3.75469200,-1.25125900
179.86345490,3.66588300,-1.25125900
180.02729490,3.66588300,-1.25125900
180.19113490,3.57738000,-3.04879900
180.35497490,3.57738000,-3.04879900
180.51881490,3.48857100,-3.94909500
180.68265490,3.48857100,-4.84939100
180.84649490,3.48857100,-4.84939100
181.01033490,3.39976200,-5.74968700
181.17417490,3.31125800,-5.74968700
181.33801490,3.31125800,-5.74968700
181.50185490,3.31125800,-5.74968700
181.66569489,3.22244900,-6.64998300
181.82953489,3.22244900,-6.64998300
181.99337489,3.13394600,-5.74968700
182.15721489,3.13394600,-6.64998300
182.32105489,3.13394600,-6.64998300
182.48489489,3.04513700,-5.74968700
182.64873489,2.95663300,-6.64998300
182.81257489,2.95663300,-7.55027900
182.97641489,2.95663300,-7.55027900
183.14025489,2.95663300,-8.45057600
183.30409488,2.86782400,-9.35087100
183.46793488,2.86782400,-10.24812000
183.63177488,2.77901600,-11.14841000
183.79561488,2.77901600,-12.04871000
183.95945488,2.69051200,-12.04871000
184.12329488,2.69051200,-13.84930000
184.28713488,2.60170300,-14.74959000
184.45097488,2.60170300,-15.64989000
184.61481488,2.60170300,-17.44743000
184.77865488,2.51319900,-18.34773000
184.94249487,2.51319900,-19.24802000
185.10633487,2.51319900,-20.14832000
185.27017487,2.42439000,-20.14832000
185.43401487,2.33558200,-21.04861000
185.59785487,2.24707800,-21.04861000
185.76169487,2.24707800,-21.04861000
185.92553487,2.24707800,-21.94891000
186.08937487,2.24707800,-20.14832000
186.25321487,2.15826900,-20.14832000
186.41705487,2.06976500,-19.24802000
186.58089486,2.06976500,-19.24802000
186.74473486,2.06976500,-19.24802000
186.90857486,1.98095600,-19.24802000
187.07241486,1.89214800,-17.44743000
187.23625486,1.98095600,-17.44743000
187.40009486,1.89214800,-17.44743000
187.56393486,1.89214800,-17.44743000
187.72777486,1.89214800,-17.44743000
187.89161486,1.89214800,-18.34773000
188.05545486,1.98095600,-18.34773000
188.21929485,2.06976500,-20.14832000
188.38313485,2.15826900,-20.14832000
188.54697485,2.24707800,-20.14832000
188.71081485,2.24707800,-20.14832000
188.87465485,2.33558200,-21.04861000
189.03849485,2.33558200,-20.14832000
189.20233485,2.42439000,-20.14832000
189.36617485,2.42439000,-19.24802000
189.53001485,2.42439000,-19.24802000
189.69385485,2.51319900,-18.34773000
189.85769484,2.51319900,-17.44743000
190.02153484,2.51319900,-18.34773000
190.18537484,2.60170300,-15.64989000
190.34921484,2.69051200,-13.84930000
190.51305484,2.69051200,-12.94900000
190.67689484,2.69051200,-12.04871000
190.84073484,2.77901600,-10.24812000
191.00457484,2.86782400,-9.35087100
191.16841484,2.86782400,-7.55027900
191.33225484,2.86782400,-6.64998300
191.49609483,2.95663300,-7.55027900
191.65993483,2.95663300,-5.74968700
191.82377483,3.04513700,-4.84939100
191.98761483,3.04513700,-5.74968700
192.15145483,3.04513700,-5.74968700
192.31529483,3.13394600,-4.84939100
192.47913483,3.13394600,-4.84939100
192.64297483,3.22244900,-4.84939100
192.80681483,3.22244900,-5.74968700
192.97065483,3.22244900,-4.84939100
193.13449482,3.31125800,-5.74968700
193.29833482,3.31125800,-4.84939100
193.46217482,3.39976200,-4.84939100
193.62601482,3.39976200,-4.84939100
193.78985482,3.48857100,-3.94909500
193.95369482,3.48857100,-3.94909500
194.11753482,3.48857100,-2.15155500
194.28137482,3.57738000,-1.25125900
194.44521482,3.57738000,-1.25125900
194.60905482,3.66588300,-0.35096290
194.77289481,3.75469200,0.54933320
194.93673481,3.75469200,1.44962900
195.10057481,3.84319600,1.44962900
195.26441481,3.84319600,3.25022100
195.42825481,3.84319600,4.15051700
195.59209481,3.93200500,4.15051700
195.75593481,3.93200500,4.15051700
195.91977481,4.02081300,5.04776100
196.08361481,4.02081300,5.04776100
196.24745481,4.02081300,5.94500500
196.41129480,4.10931700,5.94500500
196.57513480,4.10931700,5.94500500
196.73897480,4.10931700,6.84530200
196.90281480,4.19812600,6.84530200
197.06665480,4.28663000,7.74559700
197.23049480,4.28663000,7.74559700
197.39433480,4.37543900,8.64589300
197.55817480,4.37543900,9.54619000
197.72201480,4.37543900,11.34678000
197.88585480,4.46424800,10.44649000
198.04969479,4.46424800,11.34678000
198.21353479,4.55275100,12.24708000
198.37737479,4.55275100,11.34678000
198.54121479,4.64156000,13.14432000
198.70505479,4.64156000,14.04462000
198.86889479,4.73006400,14.04462000
199.03273479,4.73006400,14.94491000
199.19657479,4.73006400,14.94491000
199.36041479,4.81887200,15.84521000
199.52425479,4.81887200,14.94491000
199.68809478,4.90768100,15.84521000
199.85193478,4.90768100,15.84521000
200.01577478,4.90768100,15.84521000
200.17961478,4.99618500,15.84521000
200.34345478,4.99618500,16.74551000
