Tiempo;Canal A;Canal B
(ms);(V);(mV)

-0,08403700;3,96954300;-18,55525000
-0,00211700;3,96954300;-17,64885000
0,07980300;4,05774100;-17,64885000
0,16172300;4,05774100;-16,73940000
0,24364300;4,05774100;-16,73940000
0,32556300;4,14594000;-16,73940000
0,40748300;4,05774100;-16,73940000
0,48940300;4,14594000;-15,83300000
0,57132300;4,14594000;-16,73940000
0,65324300;4,23413800;-16,73940000
0,73516300;4,23413800;-17,64885000
0,81708300;4,23413800;-17,64885000
0,89900300;4,23413800;-18,55525000
0,98092300;4,32233700;-18,55525000
1,06284300;4,32233700;-20,37111000
1,14476299;4,32233700;-21,27750000
1,22668299;4,32233700;-22,18696000
1,30860299;4,32233700;-23,09336000
1,39052299;4,41053500;-24,00281000
1,47244299;4,41053500;-24,90921000
1,55436299;4,41053500;-26,72506000
1,63628299;4,41053500;-27,63146000
1,71820299;4,49903900;-27,63146000
1,80012299;4,49903900;-27,63146000
1,88204299;4,49903900;-28,54091000
1,96396299;4,58723700;-28,54091000
2,04588299;4,58723700;-28,54091000
2,12780299;4,58723700;-28,54091000
2,20972299;4,67543600;-28,54091000
2,29164299;4,67543600;-28,54091000
2,37356299;4,67543600;-27,63146000
2,45548299;4,67543600;-27,63146000
2,53740299;4,67543600;-27,63146000
2,61932299;4,67543600;-26,72506000
2,70124299;4,76363400;-26,72506000
2,78316298;4,76363400;-26,72506000
2,86508298;4,76363400;-26,72506000
2,94700298;4,76363400;-25,81866000
3,02892298;4,76363400;-24,90921000
3,11084298;4,85183300;-25,81866000
3,19276298;4,85183300;-24,90921000
3,27468298;4,85183300;-24,90921000
3,35660298;4,94003100;-24,00281000
3,43852298;4,94003100;-24,90921000
3,52044298;4,94003100;-24,00281000
3,60236298;4,94003100;-24,00281000
3,68428298;5,02822900;-23,09336000
3,76620298;5,02822900;-22,18696000
3,84812298;5,11673400;-21,27750000
3,93004298;5,11673400;-20,37111000
4,01196298;5,11673400;-18,55525000
4,09388298;5,11673400;-17,64885000
4,17580298;5,11673400;-16,73940000
4,25772298;5,11673400;-14,01715000
4,33964298;5,20493100;-13,10770000
4,42156298;5,20493100;-11,29490000
4,50348297;5,20493100;-10,38545000
4,58540297;5,20493100;-8,56959700
4,66732297;5,29313000;-6,75374600
4,74924297;5,29313000;-5,84734600
4,83116297;5,29313000;-4,93789500
4,91308297;5,29313000;-3,12509500
4,99500297;5,38132900;-3,12509500
5,07692297;5,38132900;-3,12509500
5,15884297;5,38132900;-2,21564400
5,24076297;5,46952700;-2,21564400
5,32268297;5,46952700;-2,21564400
5,40460297;5,46952700;-2,21564400
5,48652297;5,46952700;-3,12509500
5,56844297;5,46952700;-3,12509500
5,65036297;5,55772600;-3,12509500
5,73228297;5,55772600;-3,12509500
5,81420297;5,55772600;-3,12509500
5,89612297;5,55772600;-3,12509500
5,97804297;5,64622900;-3,12509500
6,05996297;5,64622900;-2,21564400
6,14188296;5,73442800;-1,30924400
6,22380296;5,73442800;-0,39979250
6,30572296;5,73442800;0,50660720
6,38764296;5,73442800;2,32245900
6,46956296;5,82262600;4,13525800
6,55148296;5,82262600;5,04165700
6,63340296;5,82262600;7,76696100
6,71532296;5,82262600;9,58281100
6,79724296;5,82262600;11,39561000
6,87916296;5,91082500;14,12091000
6,96108296;5,91082500;15,93676000
7,04300296;5,91082500;18,65902000
7,12492296;5,91082500;20,47487000
7,20684296;5,99902300;23,19712000
7,28876296;5,99902300;25,91937000
7,37068296;5,99902300;27,73522000
7,45260296;5,99902300;30,46052000
7,53452296;6,08722200;33,18277000
7,61644296;6,08722200;34,08918000
7,69836296;6,08722200;36,81448000
7,78028295;6,17572500;38,63033000
7,86220295;6,17572500;40,44313000
7,94412295;6,17572500;42,25898000
8,02604295;6,17572500;43,16843000
8,10796295;6,17572500;44,07483000
8,18988295;6,26392400;44,98428000
8,27180295;6,26392400;44,98428000
8,35372295;6,35212200;44,98428000
8,43564295;6,35212200;45,89068000
8,51756295;6,35212200;44,98428000
8,59948295;6,35212200;44,98428000
8,68140295;6,35212200;44,98428000
8,76332295;6,44032100;44,07483000
8,84524295;6,44032100;44,07483000
8,92716295;6,44032100;43,16843000
9,00908295;6,52852000;42,25898000
9,09100295;6,44032100;42,25898000
9,17292295;6,52852000;41,35258000
9,25484295;6,52852000;40,44313000
9,33676295;6,52852000;40,44313000
9,41868294;6,52852000;39,53673000
9,50060294;6,52852000;40,44313000
9,58252294;6,61671800;40,44313000
9,66444294;6,61671800;40,44313000
9,74636294;6,70491600;40,44313000
9,82828294;6,70491600;40,44313000
9,91020294;6,70491600;41,35258000
9,99212294;6,70491600;42,25898000
10,07404294;6,70491600;43,16843000
10,15596294;6,79342000;44,07483000
10,23788294;6,79342000;45,89068000
10,31980294;6,88161800;46,80013000
10,40172294;6,79342000;48,61293000
10,48364294;6,88161800;48,61293000
10,56556294;6,88161800;49,52238000
10,64748294;6,88161800;51,33824000
10,72940294;6,88161800;52,24463000
10,81132294;6,96981700;52,24463000
10,89324294;6,96981700;52,24463000
10,97516294;6,96981700;53,15409000
11,05708293;6,96981700;53,15409000
11,13900293;7,05801500;53,15409000
11,22092293;7,05801500;52,24463000
11,30284293;7,14621400;52,24463000
11,38476293;7,05801500;51,33824000
11,46668293;7,14621400;51,33824000
11,54860293;7,14621400;49,52238000
11,63052293;7,23441200;48,61293000
11,71244293;7,23441200;47,70654000
11,79436293;7,23441200;45,89068000
11,87628293;7,23441200;44,07483000
11,95820293;7,23441200;43,16843000
12,04012293;7,32291700;41,35258000
12,12204293;7,32291700;40,44313000
12,20396293;7,41111500;37,72087000
12,28588293;7,32291700;36,81448000
12,36780293;7,41111500;34,08918000
12,44972293;7,41111500;32,27637000
12,53164293;7,41111500;30,46052000
12,61356293;7,49931300;27,73522000
12,69548292;7,49931300;25,91937000
12,77740292;7,49931300;23,19712000
12,85932292;7,49931300;22,29072000
12,94124292;7,58751200;19,56541000
13,02316292;7,58751200;18,65902000
13,10508292;7,58751200;16,84316000
13,18700292;7,58751200;15,02731000
13,26892292;7,58751200;15,02731000
13,35084292;7,67571000;13,21146000
13,43276292;7,67571000;12,30506000
13,51468292;7,67571000;11,39561000
13,59660292;7,76390900;11,39561000
13,67852292;7,76390900;11,39561000
13,76044292;7,76390900;9,58281100
13,84236292;7,85210700;9,58281100
13,92428292;7,85210700;8,67336000
14,00620292;7,85210700;7,76696100
14,08812292;7,94061100;7,76696100
14,17004292;7,94061100;5,95110900
14,25196292;7,94061100;5,95110900
14,33388291;7,94061100;5,04165700
14,41580291;8,02881000;4,13525800
14,49772291;8,02881000;4,13525800
14,57964291;8,02881000;3,22885800
14,66156291;8,02881000;3,22885800
14,74348291;7,94061100;4,13525800
14,82540291;7,94061100;4,13525800
14,90732291;7,94061100;5,95110900
14,98924291;7,94061100;7,76696100
15,07116291;7,94061100;10,48921000
15,15308291;7,85210700;11,39561000
15,23500291;7,85210700;13,21146000
15,31692291;7,76390900;15,02731000
15,39884291;7,67571000;15,02731000
15,48076291;7,67571000;15,93676000
15,56268291;7,67571000;16,84316000
15,64460291;7,67571000;17,75262000
15,72652291;7,58751200;18,65902000
15,80844291;7,58751200;18,65902000
15,89036291;7,49931300;19,56541000
15,97228290;7,49931300;20,47487000
16,05420290;7,49931300;21,38127000
16,13612290;7,41111500;21,38127000
16,21804290;7,41111500;21,38127000
16,29996290;7,41111500;21,38127000
16,38188290;7,41111500;20,47487000
16,46380290;7,32291700;19,56541000
16,54572290;7,41111500;19,56541000
16,62764290;7,32291700;19,56541000
16,70956290;7,32291700;18,65902000
16,79148290;7,32291700;18,65902000
16,87340290;7,32291700;18,65902000
16,95532290;7,23441200;17,75262000
17,03724290;7,23441200;15,93676000
17,11916290;7,23441200;15,02731000
17,20108290;7,23441200;15,02731000
17,28300290;7,14621400;12,30506000
17,36492290;7,05801500;10,48921000
17,44684290;7,05801500;9,58281100
17,52876290;7,05801500;6,85750900
17,61068289;7,05801500;4,13525800
17,69260289;7,05801500;2,32245900
17,77452289;6,96981700;0,50660720
17,85644289;6,96981700;-3,12509500
17,93836289;6,96981700;-4,93789500
18,02028289;6,96981700;-7,66319800
18,10220289;6,96981700;-10,38545000
18,18412289;6,88161800;-13,10770000
18,26604289;6,88161800;-15,83300000
18,34796289;6,88161800;-17,64885000
18,42988289;6,88161800;-20,37111000
18,51180289;6,79342000;-22,18696000
18,59372289;6,79342000;-24,90921000
18,67564289;6,79342000;-26,72506000
18,75756289;6,79342000;-28,54091000
18,83948289;6,70491600;-29,44731000
18,92140289;6,70491600;-31,26316000
19,00332289;6,70491600;-32,17261000
19,08524289;6,70491600;-33,07901000
19,16716289;6,61671800;-33,98541000
19,24908288;6,61671800;-34,89486000
19,33100288;6,61671800;-35,80126000
19,41292288;6,52852000;-35,80126000
19,49484288;6,52852000;-35,80126000
19,57676288;6,52852000;-35,80126000
19,65868288;6,52852000;-34,89486000
19,74060288;6,52852000;-34,89486000
19,82252288;6,44032100;-34,89486000
19,90444288;6,44032100;-34,89486000
19,98636288;6,44032100;-33,98541000
20,06828288;6,35212200;-34,89486000
20,15020288;6,35212200;-33,98541000
20,23212288;6,35212200;-34,89486000
20,31404288;6,35212200;-34,89486000
20,39596288;6,35212200;-34,89486000
20,47788288;6,26392400;-35,80126000
20,55980288;6,26392400;-35,80126000
20,64172288;6,26392400;-36,71072000
20,72364288;6,17572500;-37,61712000
20,80556288;6,17572500;-38,52657000
20,88748287;6,17572500;-38,52657000
20,96940287;6,17572500;-40,34242000
21,05132287;6,17572500;-41,24882000
21,13324287;6,08722200;-42,15522000
21,21516287;6,08722200;-43,97107000
21,29708287;5,99902300;-45,78692000
21,37900287;5,99902300;-46,69637000
21,46092287;5,99902300;-47,60277000
21,54284287;5,99902300;-49,41862000
21,62476287;5,99902300;-50,32502000
21,70668287;5,99902300;-50,32502000
21,78860287;5,99902300;-52,14087000
21,87052287;5,91082500;-52,14087000
21,95244287;5,91082500;-53,05032000
22,03436287;5,91082500;-52,14087000
22,11628287;5,82262600;-52,14087000
22,19820287;5,82262600;-52,14087000
22,28012287;5,82262600;-51,23447000
22,36204287;5,82262600;-50,32502000
22,44396287;5,73442800;-49,41862000
22,52588287;5,73442800;-47,60277000
22,60780286;5,64622900;-46,69637000
22,68972286;5,73442800;-45,78692000
22,77164286;5,64622900;-43,97107000
22,85356286;5,64622900;-43,06467000
22,93548286;5,64622900;-40,34242000
23,01740286;5,55772600;-39,43297000
23,09932286;5,55772600;-37,61712000
23,18124286;5,46952700;-35,80126000
23,26316286;5,55772600;-33,98541000
23,34508286;5,46952700;-32,17261000
23,42700286;5,46952700;-30,35676000
23,50892286;5,46952700;-28,54091000
23,59084286;5,46952700;-27,63146000
23,67276286;5,38132900;-27,63146000
23,75468286;5,38132900;-24,90921000
23,83660286;5,29313000;-24,90921000
23,91852286;5,29313000;-24,00281000
24,00044286;5,29313000;-24,00281000
24,08236286;5,29313000;-23,09336000
24,16428286;5,29313000;-23,09336000
24,24620285;5,20493100;-23,09336000
24,32812285;5,20493100;-23,09336000
24,41004285;5,11673400;-23,09336000
24,49196285;5,20493100;-22,18696000
24,57388285;5,11673400;-21,27750000
24,65580285;5,11673400;-21,27750000
24,73772285;5,11673400;-21,27750000
24,81964285;5,11673400;-20,37111000
24,90156285;5,11673400;-19,46165000
24,98348285;5,11673400;-17,64885000
25,06540285;5,02822900;-17,64885000
25,14732285;5,02822900;-16,73940000
25,22924285;4,94003100;-15,83300000
25,31116285;4,94003100;-14,92355000
25,39308285;4,94003100;-14,01715000
25,47500285;4,85183300;-13,10770000
25,55692285;4,94003100;-12,20130000
25,63884285;4,85183300;-11,29490000
25,72076285;4,76363400;-10,38545000
25,80268285;4,76363400;-9,47904900
25,88460284;4,76363400;-8,56959700
25,96652284;4,76363400;-7,66319800
26,04844284;4,76363400;-6,75374600
26,13036284;4,76363400;-5,84734600
26,21228284;4,67543600;-4,93789500
26,29420284;4,67543600;-3,12509500
26,37612284;4,67543600;-2,21564400
26,45804284;4,67543600;-0,39979250
26,53996284;4,58723700;1,41605900
26,62188284;4,58723700;3,22885800
26,70380284;4,58723700;4,13525800
26,78572284;4,49903900;5,95110900
26,86764284;4,49903900;7,76696100
26,94956284;4,49903900;8,67336000
27,03148284;4,49903900;9,58281100
27,11340284;4,41053500;11,39561000
27,19532284;4,41053500;11,39561000
27,27724284;4,41053500;12,30506000
27,35916284;4,41053500;14,12091000
27,44108284;4,41053500;15,02731000
27,52300283;4,41053500;15,93676000
27,60492283;4,41053500;16,84316000
27,68684283;4,41053500;18,65902000
27,76876283;4,32233700;19,56541000
27,85068283;4,32233700;19,56541000
27,93260283;4,32233700;22,29072000
28,01452283;4,23413800;22,29072000
28,09644283;4,23413800;23,19712000
28,17836283;4,14594000;23,19712000
28,26028283;4,14594000;23,19712000
28,34220283;4,05774100;23,19712000
28,42412283;4,05774100;24,10657000
28,50604283;4,05774100;24,10657000
28,58796283;4,05774100;23,19712000
28,66988283;4,05774100;23,19712000
28,75180283;4,05774100;23,19712000
28,83372283;4,05774100;22,29072000
28,91564283;3,96954300;22,29072000
28,99756283;3,96954300;21,38127000
29,07948283;3,88103900;21,38127000
29,16140282;3,88103900;20,47487000
29,24332282;3,88103900;20,47487000
29,32524282;3,88103900;19,56541000
29,40716282;3,79284000;19,56541000
29,48908282;3,79284000;19,56541000
29,57100282;3,79284000;19,56541000
29,65292282;3,79284000;18,65902000
29,73484282;3,79284000;19,56541000
29,81676282;3,70464200;19,56541000
29,89868282;3,70464200;20,47487000
29,98060282;3,70464200;21,38127000
30,06252282;3,70464200;22,29072000
30,14444282;3,61644300;23,19712000
30,22636282;3,61644300;24,10657000
30,30828282;3,52824500;25,91937000
30,39020282;3,52824500;25,91937000
30,47212282;3,52824500;27,73522000
30,55404282;3,52824500;28,64467000
30,63596282;3,52824500;29,55107000
30,71788282;3,44004600;29,55107000
30,79980281;3,44004600;29,55107000
30,88172281;3,44004600;30,46052000
30,96364281;3,44004600;29,55107000
31,04556281;3,35184800;30,46052000
31,12748281;3,35184800;29,55107000
31,20940281;3,35184800;27,73522000
31,29132281;3,26334400;28,64467000
31,37324281;3,26334400;26,82882000
31,45516281;3,26334400;24,10657000
31,53708281;3,26334400;23,19712000
31,61900281;3,17514600;22,29072000
31,70092281;3,17514600;20,47487000
31,78284281;3,17514600;17,75262000
31,86476281;3,17514600;15,93676000
31,94668281;3,08694700;15,02731000
32,02860281;3,08694700;12,30506000
32,11052281;3,08694700;10,48921000
32,19244281;3,08694700;8,67336000
32,27436281;2,99874900;6,85750900
32,35628281;2,99874900;5,04165700
32,43820280;2,99874900;3,22885800
32,52012280;2,99874900;1,41605900
32,60204280;2,99874900;0,50660720
32,68396280;2,91055000;-1,30924400
32,76588280;2,91055000;-1,30924400
32,84780280;2,82235200;-3,12509500
32,92972280;2,82235200;-4,93789500
33,01164280;2,82235200;-4,93789500
33,09356280;2,82235200;-5,84734600
33,17548280;2,82235200;-5,84734600
33,25740280;2,82235200;-6,75374600
33,33932280;2,73384800;-6,75374600
33,42124280;2,73384800;-7,66319800
33,50316280;2,64565000;-6,75374600
33,58508280;2,64565000;-6,75374600
33,66700280;2,64565000;-6,75374600
33,74892280;2,64565000;-6,75374600
33,83084280;2,64565000;-6,75374600
33,91276280;2,55745100;-6,75374600
33,99468280;2,55745100;-6,75374600
34,07660279;2,55745100;-6,75374600
34,15852279;2,46925300;-6,75374600
34,24044279;2,46925300;-6,75374600
34,32236279;2,46925300;-6,75374600
34,40428279;2,46925300;-6,75374600
34,48620279;2,38105400;-7,66319800
34,56812279;2,38105400;-7,66319800
34,65004279;2,38105400;-8,56959700
34,73196279;2,38105400;-9,47904900
34,81388279;2,38105400;-9,47904900
34,89580279;2,29285600;-10,38545000
34,97772279;2,29285600;-11,29490000
35,05964279;2,29285600;-12,20130000
35,14156279;2,20435200;-13,10770000
35,22348279;2,20435200;-14,01715000
35,30540279;2,29285600;-14,01715000
35,38732279;2,11615300;-15,83300000
35,46924279;2,11615300;-15,83300000
35,55116279;2,11615300;-16,73940000
35,63308279;2,11615300;-16,73940000
35,71500278;2,11615300;-16,73940000
35,79692278;2,02795500;-16,73940000
35,87884278;2,02795500;-16,73940000
35,96076278;2,02795500;-17,64885000
36,04268278;2,02795500;-16,73940000
36,12460278;1,93975600;-16,73940000
36,20652278;1,93975600;-16,73940000
36,28844278;1,93975600;-16,73940000
36,37036278;1,93975600;-16,73940000
36,45228278;1,85155800;-15,83300000
36,53420278;1,85155800;-15,83300000
36,61612278;1,85155800;-15,83300000
36,69804278;1,76335900;-14,92355000
36,77996278;1,76335900;-14,01715000
36,86188278;1,76335900;-14,01715000
36,94380278;1,76335900;-13,10770000
37,02572278;1,76335900;-12,20130000
37,10764278;1,67516100;-10,38545000
37,18956278;1,76335900;-10,38545000
37,27148278;1,67516100;-9,47904900
37,35340277;1,58665700;-8,56959700
37,43532277;1,58665700;-6,75374600
37,51724277;1,58665700;-5,84734600
37,59916277;1,58665700;-4,03149500
37,68108277;1,58665700;-3,12509500
37,76300277;1,49845900;-2,21564400
37,84492277;1,49845900;-1,30924400
37,92684277;1,41026000;0,50660720
38,00876277;1,41026000;1,41605900
38,09068277;1,41026000;2,32245900
38,17260277;1,32206200;2,32245900
38,25452277;1,32206200;4,13525800
38,33644277;1,32206200;4,13525800
38,41836277;1,32206200;5,04165700
38,50028277;1,32206200;5,04165700
38,58220277;1,23386300;5,95110900
38,66412277;1,23386300;7,76696100
38,74604277;1,23386300;7,76696100
38,82796277;1,23386300;7,76696100
38,90988277;1,23386300;8,67336000
38,99180276;1,14566500;8,67336000
39,07372276;1,14566500;9,58281100
39,15564276;1,05716100;9,58281100
39,23756276;1,14566500;10,48921000
39,31948276;1,05716100;10,48921000
39,40140276;1,05716100;11,39561000
39,48332276;1,05716100;11,39561000
39,56524276;1,05716100;11,39561000
39,64716276;0,96896270;11,39561000
39,72908276;1,05716100;11,39561000
39,81100276;1,05716100;9,58281100
39,89292276;1,05716100;8,67336000
39,97484276;1,05716100;7,76696100
40,05676276;1,05716100;5,95110900
40,13868276;1,14566500;4,13525800
40,22060276;1,14566500;3,22885800
40,30252276;1,23386300;0,50660720
40,38444276;1,23386300;-0,39979250
40,46636276;1,32206200;-3,12509500
40,54828276;1,32206200;-4,03149500
40,63020275;1,41026000;-5,84734600
40,71212275;1,49845900;-6,75374600
40,79404275;1,49845900;-8,56959700
40,87596275;1,49845900;-10,38545000
40,95788275;1,49845900;-11,29490000
41,03980275;1,58665700;-11,29490000
41,12172275;1,58665700;-12,20130000
41,20364275;1,58665700;-12,20130000
41,28556275;1,58665700;-13,10770000
41,36748275;1,58665700;-13,10770000
41,44940275;1,58665700;-13,10770000
41,53132275;1,67516100;-13,10770000
41,61324275;1,58665700;-13,10770000
41,69516275;1,67516100;-13,10770000
41,77708275;1,67516100;-13,10770000
41,85900275;1,67516100;-14,01715000
41,94092275;1,76335900;-14,01715000
42,02284275;1,76335900;-14,01715000
42,10476275;1,76335900;-14,01715000
42,18668275;1,85155800;-14,01715000
42,26860275;1,85155800;-14,01715000
42,35052274;1,85155800;-14,01715000
42,43244274;1,93975600;-14,01715000
42,51436274;1,93975600;-14,01715000
42,59628274;1,93975600;-14,01715000
42,67820274;1,93975600;-14,01715000
42,76012274;1,93975600;-14,01715000
42,84204274;2,02795500;-13,10770000
42,92396274;2,11615300;-12,20130000
43,00588274;2,02795500;-11,29490000
43,08780274;2,11615300;-11,29490000
43,16972274;2,11615300;-10,38545000
43,25164274;2,11615300;-10,38545000
43,33356274;2,11615300;-10,38545000
43,41548274;2,11615300;-9,47904900
43,49740274;2,29285600;-8,56959700
43,57932274;2,20435200;-7,66319800
43,66124274;2,20435200;-7,66319800
43,74316274;2,29285600;-7,66319800
43,82508274;2,29285600;-6,75374600
43,90700274;2,29285600;-5,84734600
43,98892273;2,29285600;-5,84734600
44,07084273;2,29285600;-5,84734600
44,15276273;2,38105400;-4,93789500
44,23468273;2,38105400;-4,03149500
44,31660273;2,38105400;-4,93789500
44,39852273;2,46925300;-4,93789500
44,48044273;2,46925300;-4,93789500
44,56236273;2,46925300;-5,84734600
44,64428273;2,46925300;-5,84734600
44,72620273;2,55745100;-5,84734600
44,80812273;2,55745100;-6,75374600
44,89004273;2,55745100;-7,66319800
44,97196273;2,55745100;-8,56959700
45,05388273;2,64565000;-8,56959700
45,13580273;2,64565000;-9,47904900
45,21772273;2,64565000;-9,47904900
45,29964273;2,73384800;-10,38545000
45,38156273;2,73384800;-10,38545000
45,46348273;2,73384800;-10,38545000
45,54540273;2,73384800;-10,38545000
45,62732272;2,73384800;-9,47904900
45,70924272;2,82235200;-9,47904900
45,79116272;2,82235200;-9,47904900
45,87308272;2,82235200;-7,66319800
45,95500272;2,82235200;-6,75374600
46,03692272;2,91055000;-6,75374600
46,11884272;2,91055000;-4,93789500
46,20076272;2,91055000;-4,03149500
46,28268272;2,99874900;-3,12509500
46,36460272;2,99874900;-2,21564400
46,44652272;2,99874900;-1,30924400
46,52844272;2,99874900;0,50660720
46,61036272;3,08694700;1,41605900
46,69228272;2,99874900;2,32245900
46,77420272;3,08694700;3,22885800
46,85612272;3,08694700;5,04165700
46,93804272;3,17514600;5,04165700
47,01996272;3,17514600;6,85750900
47,10188272;3,17514600;7,76696100
47,18380272;3,17514600;7,76696100
47,26572271;3,17514600;8,67336000
47,34764271;3,26334400;9,58281100
47,42956271;3,26334400;8,67336000
47,51148271;3,26334400;9,58281100
47,59340271;3,35184800;8,67336000
47,67532271;3,35184800;8,67336000
47,75724271;3,35184800;7,76696100
47,83916271;3,35184800;6,85750900
47,92108271;3,44004600;6,85750900
48,00300271;3,44004600;5,95110900
48,08492271;3,44004600;5,04165700
48,16684271;3,44004600;3,22885800
48,24876271;3,52824500;2,32245900
48,33068271;3,52824500;1,41605900
48,41260271;3,52824500;0,50660720
48,49452271;3,61644300;-0,39979250
48,57644271;3,61644300;-2,21564400
48,65836271;3,70464200;-3,12509500
48,74028271;3,70464200;-4,03149500
48,82220271;3,70464200;-4,03149500
48,90412270;3,70464200;-4,93789500
48,98604270;3,70464200;-5,84734600
49,06796270;3,79284000;-5,84734600
49,14988270;3,79284000;-6,75374600
49,23180270;3,79284000;-6,75374600
49,31372270;3,79284000;-6,75374600
49,39564270;3,79284000;-6,75374600
49,47756270;3,88103900;-5,84734600
49,55948270;3,88103900;-5,84734600
49,64140270;3,88103900;-4,93789500
49,72332270;3,88103900;-4,93789500
49,80524270;3,88103900;-4,03149500
49,88716270;3,96954300;-3,12509500
49,96908270;4,05774100;-3,12509500
50,05100270;3,96954300;-3,12509500
50,13292270;4,05774100;-2,21564400
50,21484270;4,05774100;-2,21564400
50,29676270;4,05774100;-1,30924400
50,37868270;4,05774100;-1,30924400
50,46060270;4,14594000;-1,30924400
50,54252269;4,14594000;-1,30924400
50,62444269;4,14594000;-1,30924400
50,70636269;4,14594000;-2,21564400
50,78828269;4,23413800;-2,21564400
50,87020269;4,23413800;-2,21564400
50,95212269;4,23413800;-3,12509500
51,03404269;4,23413800;-3,12509500
51,11596269;4,32233700;-4,03149500
51,19788269;4,32233700;-4,03149500
51,27980269;4,32233700;-4,93789500
51,36172269;4,41053500;-4,93789500
51,44364269;4,41053500;-5,84734600
51,52556269;4,41053500;-7,66319800
51,60748269;4,49903900;-7,66319800
51,68940269;4,49903900;-8,56959700
51,77132269;4,49903900;-9,47904900
51,85324269;4,58723700;-9,47904900
51,93516269;4,58723700;-10,38545000
52,01708269;4,58723700;-12,20130000
52,09900269;4,58723700;-11,29490000
52,18092268;4,58723700;-12,20130000
52,26284268;4,67543600;-11,29490000
52,34476268;4,58723700;-12,20130000
52,42668268;4,58723700;-12,20130000
52,50860268;4,67543600;-12,20130000
52,59052268;4,67543600;-11,29490000
52,67244268;4,76363400;-12,20130000
52,75436268;4,76363400;-11,29490000
52,83628268;4,76363400;-11,29490000
52,91820268;4,76363400;-12,20130000
53,00012268;4,76363400;-12,20130000
53,08204268;4,85183300;-13,10770000
53,16396268;4,85183300;-13,10770000
53,24588268;4,85183300;-13,10770000
53,32780268;4,94003100;-12,20130000
53,40972268;4,94003100;-12,20130000
53,49164268;4,94003100;-12,20130000
53,57356268;4,94003100;-12,20130000
53,65548268;5,02822900;-11,29490000
53,73740268;5,02822900;-11,29490000
53,81932267;5,11673400;-10,38545000
53,90124267;5,11673400;-10,38545000
53,98316267;5,11673400;-9,47904900
54,06508267;5,11673400;-9,47904900
54,14700267;5,11673400;-7,66319800
54,22892267;5,20493100;-7,66319800
54,31084267;5,11673400;-6,75374600
54,39276267;5,20493100;-5,84734600
54,47468267;5,20493100;-5,84734600
54,55660267;5,20493100;-5,84734600
54,63852267;5,29313000;-4,93789500
54,72044267;5,29313000;-4,93789500
54,80236267;5,29313000;-4,03149500
54,88428267;5,29313000;-4,03149500
54,96620267;5,29313000;-4,03149500
55,04812267;5,38132900;-4,93789500
55,13004267;5,38132900;-4,93789500
55,21196267;5,38132900;-5,84734600
55,29388267;5,46952700;-5,84734600
55,37580267;5,46952700;-6,75374600
55,45772266;5,46952700;-7,66319800
55,53964266;5,46952700;-8,56959700
55,62156266;5,46952700;-9,47904900
55,70348266;5,55772600;-10,38545000
55,78540266;5,55772600;-10,38545000
55,86732266;5,64622900;-10,38545000
55,94924266;5,64622900;-11,29490000
56,03116266;5,64622900;-11,29490000
56,11308266;5,64622900;-10,38545000
56,19500266;5,64622900;-10,38545000
56,27692266;5,73442800;-10,38545000
56,35884266;5,73442800;-8,56959700
56,44076266;5,82262600;-7,66319800
56,52268266;5,82262600;-6,75374600
56,60460266;5,82262600;-5,84734600
56,68652266;5,82262600;-3,12509500
56,76844266;5,91082500;-2,21564400
56,85036266;5,91082500;0,50660720
56,93228266;5,82262600;0,50660720
57,01420266;5,91082500;2,32245900
57,09612265;5,91082500;4,13525800
57,17804265;5,99902300;5,04165700
57,25996265;5,99902300;7,76696100
57,34188265;5,99902300;8,67336000
57,42380265;5,99902300;10,48921000
57,50572265;5,99902300;12,30506000
57,58764265;5,99902300;14,12091000
57,66956265;6,08722200;15,02731000
57,75148265;6,08722200;17,75262000
57,83340265;6,17572500;18,65902000
57,91532265;6,17572500;19,56541000
57,99724265;6,17572500;20,47487000
58,07916265;6,17572500;21,38127000
58,16108265;6,26392400;21,38127000
58,24300265;6,26392400;22,29072000
58,32492265;6,26392400;22,29072000
58,40684265;6,26392400;22,29072000
58,48876265;6,26392400;22,29072000
58,57068265;6,35212200;22,29072000
58,65260265;6,35212200;22,29072000
58,73452264;6,35212200;21,38127000
58,81644264;6,35212200;21,38127000
58,89836264;6,44032100;21,38127000
58,98028264;6,44032100;21,38127000
59,06220264;6,52852000;21,38127000
59,14412264;6,52852000;20,47487000
59,22604264;6,52852000;20,47487000
59,30796264;6,52852000;20,47487000
59,38988264;6,61671800;20,47487000
59,47180264;6,52852000;21,38127000
59,55372264;6,61671800;22,29072000
59,63564264;6,61671800;22,29072000
59,71756264;6,61671800;23,19712000
59,79948264;6,70491600;23,19712000
59,88140264;6,70491600;24,10657000
59,96332264;6,70491600;25,91937000
60,04524264;6,70491600;26,82882000
60,12716264;6,79342000;27,73522000
60,20908264;6,79342000;29,55107000
60,29100264;6,79342000;30,46052000
60,37292263;6,88161800;31,36692000
60,45484263;6,88161800;32,27637000
60,53676263;6,88161800;33,18277000
60,61868263;6,88161800;34,08918000
60,70060263;6,88161800;34,99863000
60,78252263;6,88161800;35,90503000
60,86444263;6,96981700;36,81448000
60,94636263;6,96981700;36,81448000
61,02828263;7,05801500;37,72087000
61,11020263;7,05801500;37,72087000
61,19212263;7,05801500;38,63033000
61,27404263;7,05801500;38,63033000
61,35596263;7,05801500;38,63033000
61,43788263;7,05801500;38,63033000
61,51980263;7,14621400;37,72087000
61,60172263;7,14621400;38,63033000
61,68364263;7,23441200;37,72087000
61,76556263;7,23441200;37,72087000
61,84748263;7,23441200;36,81448000
61,92940263;7,23441200;36,81448000
62,01132263;7,32291700;35,90503000
62,09324262;7,32291700;34,08918000
62,17516262;7,32291700;34,08918000
62,25708262;7,32291700;33,18277000
62,33900262;7,32291700;31,36692000
62,42092262;7,32291700;31,36692000
62,50284262;7,41111500;30,46052000
62,58476262;7,41111500;28,64467000
62,66668262;7,49931300;28,64467000
62,74860262;7,49931300;26,82882000
62,83052262;7,49931300;25,91937000
62,91244262;7,58751200;25,01297000
62,99436262;7,58751200;23,19712000
63,07628262;7,58751200;22,29072000
63,15820262;7,58751200;21,38127000
63,24012262;7,67571000;20,47487000
63,32204262;7,58751200;20,47487000
63,40396262;7,67571000;19,56541000
63,48588262;7,67571000;18,65902000
63,56780262;7,76390900;18,65902000
63,64972262;7,76390900;18,65902000
63,73164261;7,76390900;18,65902000
63,81356261;7,76390900;17,75262000
63,89548261;7,85210700;18,65902000
63,97740261;7,85210700;16,84316000
64,05932261;7,85210700;16,84316000
64,14124261;7,85210700;16,84316000
64,22316261;7,94061100;16,84316000
64,30508261;7,94061100;15,93676000
64,38700261;7,94061100;15,93676000
64,46892261;7,94061100;15,93676000
64,55084261;7,94061100;15,02731000
64,63276261;7,94061100;15,02731000
64,71468261;8,02881000;15,02731000
64,79660261;8,02881000;15,02731000
64,87852261;7,94061100;15,02731000
64,96044261;7,94061100;15,02731000
65,04236261;7,94061100;15,02731000
65,12428261;7,94061100;15,93676000
65,20620261;7,85210700;15,93676000
65,28812261;7,76390900;15,02731000
65,37004260;7,76390900;15,02731000
65,45196260;7,76390900;14,12091000
65,53388260;7,67571000;15,02731000
65,61580260;7,67571000;15,02731000
65,69772260;7,58751200;15,02731000
65,77964260;7,58751200;15,02731000
65,86156260;7,58751200;15,02731000
65,94348260;7,49931300;15,02731000
66,02540260;7,49931300;15,93676000
66,10732260;7,41111500;15,02731000
66,18924260;7,41111500;15,02731000
66,27116260;7,41111500;15,02731000
66,35308260;7,41111500;15,02731000
66,43500260;7,41111500;14,12091000
66,51692260;7,41111500;13,21146000
66,59884260;7,32291700;13,21146000
66,68076260;7,32291700;12,30506000
66,76268260;7,32291700;12,30506000
66,84460260;7,32291700;12,30506000
66,92652260;7,32291700;11,39561000
67,00844259;7,23441200;11,39561000
67,09036259;7,23441200;9,58281100
67,17228259;7,23441200;8,67336000
67,25420259;7,23441200;8,67336000
67,33612259;7,23441200;7,76696100
67,41804259;7,14621400;5,95110900
67,49996259;7,14621400;5,04165700
67,58188259;7,05801500;3,22885800
67,66380259;7,05801500;1,41605900
67,74572259;7,05801500;0,50660720
67,82764259;6,96981700;-0,39979250
67,90956259;6,96981700;-3,12509500
67,99148259;6,96981700;-4,03149500
68,07340259;6,96981700;-5,84734600
68,15532259;6,88161800;-7,66319800
68,23724259;6,88161800;-9,47904900
68,31916259;6,88161800;-10,38545000
68,40108259;6,88161800;-12,20130000
68,48300259;6,79342000;-13,10770000
68,56492259;6,79342000;-14,92355000
68,64684258;6,79342000;-16,73940000
68,72876258;6,79342000;-17,64885000
68,81068258;6,70491600;-20,37111000
68,89260258;6,70491600;-21,27750000
68,97452258;6,70491600;-22,18696000
69,05644258;6,70491600;-23,09336000
69,13836258;6,70491600;-24,00281000
69,22028258;6,61671800;-24,90921000
69,30220258;6,61671800;-24,90921000
69,38412258;6,61671800;-25,81866000
69,46604258;6,52852000;-26,72506000
69,54796258;6,52852000;-25,81866000
69,62988258;6,52852000;-25,81866000
69,71180258;6,52852000;-25,81866000
69,79372258;6,52852000;-25,81866000
69,87564258;6,44032100;-25,81866000
69,95756258;6,44032100;-24,90921000
70,03948258;6,44032100;-24,90921000
70,12140258;6,35212200;-24,00281000
70,20332258;6,35212200;-24,90921000
70,28524257;6,35212200;-24,00281000
70,36716257;6,26392400;-24,00281000
70,44908257;6,26392400;-24,00281000
70,53100257;6,26392400;-24,00281000
70,61292257;6,26392400;-24,00281000
70,69484257;6,26392400;-24,90921000
70,77676257;6,17572500;-25,81866000
70,85868257;6,17572500;-26,72506000
70,94060257;6,17572500;-27,63146000
71,02252257;6,17572500;-28,54091000
71,10444257;6,17572500;-29,44731000
71,18636257;6,08722200;-31,26316000
71,26828257;6,08722200;-32,17261000
71,35020257;6,08722200;-33,98541000
71,43212257;5,99902300;-34,89486000
71,51404257;5,99902300;-35,80126000
71,59596257;5,99902300;-36,71072000
71,67788257;5,99902300;-37,61712000
71,75980257;5,91082500;-38,52657000
71,84172257;5,91082500;-39,43297000
71,92364256;5,91082500;-39,43297000
72,00556256;5,82262600;-39,43297000
72,08748256;5,82262600;-40,34242000
72,16940256;5,82262600;-40,34242000
72,25132256;5,82262600;-40,34242000
72,33324256;5,73442800;-40,34242000
72,41516256;5,73442800;-39,43297000
72,49708256;5,73442800;-39,43297000
72,57900256;5,64622900;-39,43297000
72,66092256;5,64622900;-38,52657000
72,74284256;5,64622900;-37,61712000
72,82476256;5,64622900;-35,80126000
72,90668256;5,55772600;-34,89486000
72,98860256;5,64622900;-33,07901000
73,07052256;5,55772600;-31,26316000
73,15244256;5,46952700;-29,44731000
73,23436256;5,46952700;-28,54091000
73,31628256;5,46952700;-25,81866000
73,39820256;5,46952700;-24,00281000
73,48012256;5,46952700;-23,09336000
73,56204255;5,46952700;-21,27750000
73,64396255;5,46952700;-20,37111000
73,72588255;5,38132900;-20,37111000
73,80780255;5,38132900;-19,46165000
73,88972255;5,38132900;-18,55525000
73,97164255;5,29313000;-17,64885000
74,05356255;5,29313000;-17,64885000
74,13548255;5,29313000;-17,64885000
74,21740255;5,29313000;-17,64885000
74,29932255;5,20493100;-18,55525000
74,38124255;5,20493100;-18,55525000
74,46316255;5,20493100;-19,46165000
74,54508255;5,11673400;-20,37111000
74,62700255;5,11673400;-20,37111000
74,70892255;5,11673400;-21,27750000
74,79084255;5,11673400;-21,27750000
74,87276255;5,11673400;-21,27750000
74,95468255;5,11673400;-21,27750000
75,03660255;5,02822900;-21,27750000
75,11852255;5,02822900;-21,27750000
75,20044254;4,94003100;-21,27750000
75,28236254;4,94003100;-20,37111000
75,36428254;4,94003100;-20,37111000
75,44620254;4,94003100;-18,55525000
75,52812254;4,85183300;-17,64885000
75,61004254;4,94003100;-16,73940000
75,69196254;4,85183300;-15,83300000
75,77388254;4,85183300;-14,01715000
75,85580254;4,85183300;-13,10770000
75,93772254;4,76363400;-12,20130000
76,01964254;4,76363400;-10,38545000
76,10156254;4,76363400;-9,47904900
76,18348254;4,76363400;-8,56959700
76,26540254;4,67543600;-6,75374600
76,34732254;4,67543600;-5,84734600
76,42924254;4,58723700;-4,03149500
76,51116254;4,58723700;-3,12509500
76,59308254;4,58723700;-0,39979250
76,67500254;4,58723700;0,50660720
76,75692254;4,58723700;1,41605900
76,83884253;4,49903900;3,22885800
76,92076253;4,49903900;4,13525800
77,00268253;4,49903900;5,04165700
77,08460253;4,49903900;5,04165700
77,16652253;4,41053500;5,95110900
77,24844253;4,41053500;6,85750900
77,33036253;4,41053500;7,76696100
77,41228253;4,41053500;7,76696100
77,49420253;4,41053500;8,67336000
77,57612253;4,32233700;10,48921000
77,65804253;4,32233700;10,48921000
77,73996253;4,32233700;11,39561000
77,82188253;4,32233700;12,30506000
77,90380253;4,23413800;14,12091000
77,98572253;4,23413800;15,02731000
78,06764253;4,23413800;15,02731000
78,14956253;4,23413800;15,93676000
78,23148253;4,14594000;16,84316000
78,31340253;4,14594000;17,75262000
78,39532253;4,05774100;17,75262000
78,47724252;4,05774100;17,75262000
78,55916252;4,05774100;18,65902000
78,64108252;4,05774100;18,65902000
78,72300252;4,05774100;17,75262000
78,80492252;3,96954300;17,75262000
78,88684252;3,96954300;17,75262000
78,96876252;3,96954300;17,75262000
79,05068252;3,88103900;17,75262000
79,13260252;3,96954300;17,75262000
79,21452252;3,88103900;17,75262000
79,29644252;3,88103900;16,84316000
79,37836252;3,88103900;16,84316000
79,46028252;3,79284000;16,84316000
79,54220252;3,79284000;16,84316000
79,62412252;3,79284000;16,84316000
79,70604252;3,79284000;17,75262000
79,78796252;3,79284000;17,75262000
79,86988252;3,70464200;17,75262000
79,95180252;3,70464200;18,65902000
80,03372252;3,70464200;18,65902000
80,11564252;3,61644300;19,56541000
80,19756251;3,61644300;20,47487000
80,27948251;3,61644300;21,38127000
80,36140251;3,61644300;22,29072000
80,44332251;3,52824500;23,19712000
80,52524251;3,52824500;24,10657000
80,60716251;3,52824500;24,10657000
80,68908251;3,44004600;25,91937000
80,77100251;3,44004600;25,91937000
80,85292251;3,44004600;26,82882000
80,93484251;3,35184800;27,73522000
81,01676251;3,35184800;27,73522000
81,09868251;3,35184800;27,73522000
81,18060251;3,35184800;27,73522000
81,26252251;3,35184800;26,82882000
81,34444251;3,26334400;26,82882000
81,42636251;3,26334400;25,91937000
81,50828251;3,17514600;24,10657000
81,59020251;3,26334400;23,19712000
81,67212251;3,17514600;22,29072000
81,75404251;3,17514600;20,47487000
81,83596250;3,17514600;18,65902000
81,91788250;3,08694700;16,84316000
81,99980250;3,08694700;15,02731000
82,08172250;3,08694700;14,12091000
82,16364250;3,08694700;12,30506000
82,24556250;2,99874900;11,39561000
82,32748250;2,99874900;8,67336000
82,40940250;2,99874900;7,76696100
82,49132250;2,99874900;5,95110900
82,57324250;2,99874900;5,04165700
82,65516250;2,91055000;4,13525800
82,73708250;2,99874900;2,32245900
82,81900250;2,91055000;1,41605900
82,90092250;2,91055000;1,41605900
82,98284250;2,82235200;0,50660720
83,06476250;2,82235200;0,50660720
83,14668250;2,82235200;-0,39979250
83,22860250;2,82235200;0,50660720
83,31052250;2,73384800;0,50660720
83,39244250;2,73384800;0,50660720
83,47436249;2,73384800;0,50660720
83,55628249;2,64565000;0,50660720
83,63820249;2,64565000;1,41605900
83,72012249;2,64565000;1,41605900
83,80204249;2,64565000;1,41605900
83,88396249;2,55745100;2,32245900
83,96588249;2,55745100;2,32245900
84,04780249;2,55745100;3,22885800
84,12972249;2,55745100;2,32245900
84,21164249;2,46925300;2,32245900
84,29356249;2,46925300;2,32245900
84,37548249;2,46925300;1,41605900
84,45740249;2,46925300;1,41605900
84,53932249;2,38105400;0,50660720
84,62124249;2,38105400;-0,39979250
84,70316249;2,38105400;-2,21564400
84,78508249;2,29285600;-3,12509500
84,86700249;2,29285600;-4,93789500
84,94892249;2,29285600;-6,75374600
85,03084249;2,29285600;-9,47904900
85,11276248;2,29285600;-9,47904900
85,19468248;2,20435200;-11,29490000
85,27660248;2,20435200;-14,01715000
85,35852248;2,20435200;-14,92355000
85,44044248;2,11615300;-16,73940000
85,52236248;2,11615300;-17,64885000
85,60428248;2,11615300;-17,64885000
85,68620248;2,02795500;-20,37111000
85,76812248;2,02795500;-21,27750000
85,85004248;2,02795500;-21,27750000
85,93196248;2,02795500;-22,18696000
86,01388248;1,93975600;-21,27750000
86,09580248;1,93975600;-22,18696000
86,17772248;1,93975600;-23,09336000
86,25964248;1,93975600;-23,09336000
86,34156248;1,93975600;-22,18696000
86,42348248;1,93975600;-22,18696000
86,50540248;1,85155800;-22,18696000
86,58732248;1,85155800;-21,27750000
86,66924248;1,76335900;-21,27750000
86,75116247;1,85155800;-20,37111000
86,83308247;1,76335900;-19,46165000
86,91500247;1,76335900;-18,55525000
86,99692247;1,76335900;-17,64885000
87,07884247;1,76335900;-17,64885000
87,16076247;1,67516100;-16,73940000
87,24268247;1,67516100;-15,83300000
87,32460247;1,67516100;-14,92355000
87,40652247;1,58665700;-14,01715000
87,48844247;1,58665700;-14,01715000
87,57036247;1,58665700;-13,10770000
87,65228247;1,58665700;-13,10770000
87,73420247;1,58665700;-12,20130000
87,81612247;1,49845900;-12,20130000
87,89804247;1,49845900;-11,29490000
87,97996247;1,41026000;-10,38545000
88,06188247;1,41026000;-10,38545000
88,14380247;1,41026000;-10,38545000
88,22572247;1,41026000;-9,47904900
88,30764247;1,32206200;-9,47904900
88,38956246;1,32206200;-8,56959700
88,47148246;1,32206200;-8,56959700
88,55340246;1,23386300;-8,56959700
88,63532246;1,23386300;-7,66319800
88,71724246;1,23386300;-6,75374600
88,79916246;1,23386300;-5,84734600
88,88108246;1,23386300;-4,93789500
88,96300246;1,23386300;-4,93789500
89,04492246;1,14566500;-4,03149500
89,12684246;1,14566500;-3,12509500
89,20876246;1,14566500;-2,21564400
89,29068246;1,05716100;-2,21564400
89,37260246;1,05716100;-1,30924400
89,45452246;1,05716100;0,50660720
89,53644246;1,05716100;0,50660720
89,61836246;1,05716100;0,50660720
89,70028246;1,05716100;1,41605900
89,78220246;1,05716100;0,50660720
89,86412246;1,05716100;0,50660720
89,94604246;1,05716100;-0,39979250
90,02796245;1,05716100;-2,21564400
90,10988245;1,05716100;-3,12509500
90,19180245;1,14566500;-4,03149500
90,27372245;1,23386300;-5,84734600
90,35564245;1,23386300;-6,75374600
90,43756245;1,32206200;-6,75374600
90,51948245;1,32206200;-7,66319800
90,60140245;1,32206200;-7,66319800
90,68332245;1,41026000;-7,66319800
90,76524245;1,41026000;-7,66319800
90,84716245;1,49845900;-7,66319800
90,92908245;1,58665700;-7,66319800
91,01100245;1,58665700;-7,66319800
91,09292245;1,58665700;-7,66319800
91,17484245;1,58665700;-6,75374600
91,25676245;1,58665700;-6,75374600
91,33868245;1,58665700;-6,75374600
91,42060245;1,58665700;-6,75374600
91,50252245;1,67516100;-6,75374600
91,58444245;1,67516100;-5,84734600
91,66636244;1,67516100;-5,84734600
91,74828244;1,67516100;-6,75374600
91,83020244;1,67516100;-6,75374600
91,91212244;1,76335900;-6,75374600
91,99404244;1,76335900;-5,84734600
92,07596244;1,76335900;-6,75374600
92,15788244;1,76335900;-6,75374600
92,23980244;1,85155800;-6,75374600
92,32172244;1,85155800;-6,75374600
92,40364244;1,85155800;-5,84734600
92,48556244;1,93975600;-5,84734600
92,56748244;1,93975600;-5,84734600
92,64940244;1,93975600;-4,93789500
92,73132244;1,93975600;-4,03149500
92,81324244;2,02795500;-3,12509500
92,89516244;2,02795500;-3,12509500
92,97708244;2,02795500;-2,21564400
93,05900244;2,02795500;-0,39979250
93,14092244;2,11615300;0,50660720
93,22284244;2,11615300;1,41605900
93,30476243;2,11615300;2,32245900
93,38668243;2,11615300;4,13525800
93,46860243;2,20435200;5,04165700
93,55052243;2,20435200;5,95110900
93,63244243;2,29285600;7,76696100
93,71436243;2,29285600;8,67336000
93,79628243;2,29285600;10,48921000
93,87820243;2,29285600;11,39561000
93,96012243;2,29285600;12,30506000
94,04204243;2,29285600;13,21146000
94,12396243;2,38105400;14,12091000
94,20588243;2,38105400;15,02731000
94,28780243;2,38105400;15,02731000
94,36972243;2,46925300;15,02731000
94,45164243;2,46925300;15,02731000
94,53356243;2,46925300;15,02731000
94,61548243;2,46925300;15,02731000
94,69740243;2,46925300;14,12091000
94,77932243;2,55745100;12,30506000
94,86124243;2,55745100;11,39561000
94,94316242;2,64565000;10,48921000
95,02508242;2,55745100;8,67336000
95,10700242;2,64565000;6,85750900
95,18892242;2,64565000;5,95110900
95,27084242;2,64565000;4,13525800
95,35276242;2,73384800;3,22885800
95,43468242;2,64565000;2,32245900
95,51660242;2,73384800;1,41605900
95,59852242;2,82235200;0,50660720
95,68044242;2,82235200;0,50660720
95,76236242;2,82235200;-0,39979250
95,84428242;2,82235200;-1,30924400
95,92620242;2,82235200;-0,39979250
96,00812242;2,91055000;-0,39979250
96,09004242;2,91055000;-0,39979250
96,17196242;2,91055000;-0,39979250
96,25388242;2,91055000;0,50660720
96,33580242;2,99874900;0,50660720
96,41772242;2,99874900;1,41605900
96,49964242;2,99874900;2,32245900
96,58156241;2,99874900;2,32245900
96,66348241;3,08694700;4,13525800
96,74540241;3,08694700;4,13525800
96,82732241;3,08694700;5,04165700
96,90924241;3,17514600;5,95110900
96,99116241;3,17514600;6,85750900
97,07308241;3,17514600;7,76696100
97,15500241;3,17514600;7,76696100
97,23692241;3,17514600;7,76696100
97,31884241;3,26334400;7,76696100
97,40076241;3,26334400;7,76696100
97,48268241;3,26334400;7,76696100
97,56460241;3,35184800;6,85750900
97,64652241;3,35184800;5,95110900
97,72844241;3,35184800;5,04165700
97,81036241;3,35184800;4,13525800
97,89228241;3,44004600;2,32245900
97,97420241;3,44004600;0,50660720
98,05612241;3,44004600;-1,30924400
98,13804241;3,44004600;-3,12509500
98,21996240;3,52824500;-4,93789500
98,30188240;3,52824500;-7,66319800
98,38380240;3,52824500;-9,47904900
98,46572240;3,52824500;-10,38545000
98,54764240;3,61644300;-12,20130000
98,62956240;3,61644300;-14,01715000
98,71148240;3,70464200;-14,01715000
98,79340240;3,70464200;-14,92355000
98,87532240;3,70464200;-15,83300000
98,95724240;3,70464200;-16,73940000
99,03916240;3,70464200;-16,73940000
99,12108240;3,70464200;-17,64885000
99,20300240;3,79284000;-17,64885000
99,28492240;3,79284000;-17,64885000
99,36684240;3,79284000;-16,73940000
99,44876240;3,88103900;-16,73940000
99,53068240;3,88103900;-16,73940000
99,61260240;3,88103900;-14,92355000
99,69452240;3,88103900;-14,92355000
99,77644240;3,88103900;-14,01715000
99,85836240;3,96954300;-14,01715000
99,94028239;3,96954300;-14,01715000
100,02220239;4,05774100;-13,10770000
100,10412239;4,05774100;-13,10770000
100,18604239;4,05774100;-12,20130000
100,26796239;4,05774100;-11,29490000
100,34988239;4,14594000;-12,20130000
100,43180239;4,14594000;-11,29490000
100,51372239;4,14594000;-11,29490000
100,59564239;4,14594000;-11,29490000
100,67756239;4,23413800;-11,29490000
100,75948239;4,23413800;-10,38545000
100,84140239;4,23413800;-11,29490000
100,92332239;4,23413800;-11,29490000
101,00524239;4,23413800;-11,29490000
101,08716239;4,23413800;-11,29490000
101,16908239;4,32233700;-12,20130000
101,25100239;4,32233700;-12,20130000
101,33292239;4,32233700;-13,10770000
101,41484239;4,41053500;-13,10770000
101,49676239;4,41053500;-14,01715000
101,57868238;4,41053500;-14,01715000
101,66060238;4,49903900;-14,01715000
101,74252238;4,41053500;-14,01715000
101,82444238;4,49903900;-14,92355000
101,90636238;4,58723700;-14,92355000
101,98828238;4,58723700;-14,01715000
102,07020238;4,58723700;-14,92355000
102,15212238;4,58723700;-14,92355000
102,23404238;4,58723700;-14,92355000
102,31596238;4,58723700;-14,01715000
102,39788238;4,67543600;-14,01715000
102,47980238;4,67543600;-14,01715000
102,56172238;4,67543600;-14,01715000
102,64364238;4,67543600;-14,01715000
102,72556238;4,76363400;-13,10770000
102,80748238;4,76363400;-13,10770000
102,88940238;4,76363400;-14,01715000
102,97132238;4,76363400;-14,01715000
103,05324238;4,85183300;-14,01715000
103,13516238;4,85183300;-14,01715000
103,21708237;4,85183300;-14,01715000
103,29900237;4,85183300;-14,92355000
103,38092237;4,85183300;-14,01715000
103,46284237;4,94003100;-14,92355000
103,54476237;4,94003100;-14,92355000
103,62668237;4,94003100;-14,01715000
103,70860237;5,02822900;-14,01715000
103,79052237;5,02822900;-14,01715000
103,87244237;5,11673400;-13,10770000
103,95436237;5,11673400;-13,10770000
104,03628237;5,11673400;-12,20130000
104,11820237;5,11673400;-10,38545000
104,20012237;5,11673400;-10,38545000
104,28204237;5,20493100;-8,56959700
104,36396237;5,20493100;-7,66319800
104,44588237;5,20493100;-6,75374600
104,52780237;5,20493100;-5,84734600
104,60972237;5,20493100;-4,03149500
104,69164237;5,29313000;-3,12509500
104,77356237;5,29313000;-2,21564400
104,85548236;5,29313000;-2,21564400
104,93740236;5,38132900;-2,21564400
105,01932236;5,38132900;-1,30924400
105,10124236;5,38132900;-1,30924400
105,18316236;5,38132900;-1,30924400
105,26508236;5,38132900;-1,30924400
105,34700236;5,46952700;-2,21564400
105,42892236;5,46952700;-3,12509500
105,51084236;5,46952700;-4,03149500
105,59276236;5,46952700;-4,93789500
105,67468236;5,46952700;-5,84734600
105,75660236;5,55772600;-6,75374600
105,83852236;5,64622900;-7,66319800
105,92044236;5,64622900;-8,56959700
106,00236236;5,64622900;-9,47904900
106,08428236;5,64622900;-9,47904900
106,16620236;5,64622900;-8,56959700
106,24812236;5,73442800;-9,47904900
106,33004236;5,73442800;-8,56959700
106,41196236;5,73442800;-7,66319800
106,49388235;5,82262600;-6,75374600
106,57580235;5,82262600;-5,84734600
106,65772235;5,82262600;-4,93789500
106,73964235;5,82262600;-4,03149500
106,82156235;5,82262600;-2,21564400
106,90348235;5,91082500;-0,39979250
106,98540235;5,82262600;0,50660720
107,06732235;5,91082500;2,32245900
107,14924235;5,99902300;4,13525800
107,23116235;5,99902300;5,04165700
107,31308235;5,99902300;7,76696100
107,39500235;5,99902300;8,67336000
107,47692235;5,99902300;11,39561000
107,55884235;6,08722200;12,30506000
107,64076235;6,08722200;14,12091000
107,72268235;6,08722200;15,93676000
107,80460235;6,08722200;17,75262000
107,88652235;6,17572500;18,65902000
107,96844235;6,17572500;19,56541000
108,05036235;6,17572500;21,38127000
108,13228234;6,26392400;22,29072000
108,21420234;6,17572500;22,29072000
108,29612234;6,26392400;22,29072000
108,37804234;6,26392400;23,19712000
108,45996234;6,35212200;23,19712000
108,54188234;6,35212200;23,19712000
108,62380234;6,35212200;23,19712000
108,70572234;6,35212200;23,19712000
108,78764234;6,35212200;23,19712000
108,86956234;6,44032100;22,29072000
108,95148234;6,44032100;22,29072000
109,03340234;6,44032100;22,29072000
109,11532234;6,52852000;22,29072000
109,19724234;6,52852000;22,29072000
109,27916234;6,52852000;22,29072000
109,36108234;6,52852000;22,29072000
109,44300234;6,52852000;22,29072000
109,52492234;6,61671800;23,19712000
109,60684234;6,61671800;23,19712000
109,68876234;6,61671800;25,01297000
109,77068233;6,61671800;25,91937000
109,85260233;6,70491600;26,82882000
109,93452233;6,70491600;27,73522000
110,01644233;6,70491600;29,55107000
110,09836233;6,79342000;30,46052000
110,18028233;6,70491600;32,27637000
110,26220233;6,79342000;33,18277000
110,34412233;6,88161800;34,99863000
110,42604233;6,88161800;35,90503000
110,50796233;6,88161800;36,81448000
110,58988233;6,88161800;38,63033000
110,67180233;6,88161800;39,53673000
110,75372233;6,96981700;40,44313000
110,83564233;6,96981700;42,25898000
110,91756233;6,96981700;42,25898000
110,99948233;6,96981700;43,16843000
111,08140233;6,96981700;44,07483000
111,16332233;7,05801500;44,07483000
111,24524233;7,05801500;44,98428000
111,32716233;7,05801500;44,07483000
111,40908232;7,14621400;44,07483000
111,49100232;7,14621400;44,07483000
111,57292232;7,14621400;44,07483000
111,65484232;7,23441200;44,07483000
111,73676232;7,23441200;43,16843000
111,81868232;7,23441200;42,25898000
111,90060232;7,23441200;41,35258000
111,98252232;7,23441200;40,44313000
112,06444232;7,32291700;40,44313000
112,14636232;7,32291700;38,63033000
112,22828232;7,32291700;37,72087000
112,31020232;7,32291700;36,81448000
112,39212232;7,41111500;35,90503000
112,47404232;7,41111500;34,08918000
112,55596232;7,41111500;33,18277000
112,63788232;7,49931300;32,27637000
112,71980232;7,49931300;30,46052000
112,80172232;7,49931300;29,55107000
112,88364232;7,58751200;28,64467000
112,96556232;7,58751200;26,82882000
113,04748231;7,58751200;25,91937000
113,12940231;7,58751200;25,01297000
113,21132231;7,58751200;23,19712000
113,29324231;7,67571000;22,29072000
113,37516231;7,67571000;21,38127000
113,45708231;7,76390900;20,47487000
113,53900231;7,76390900;20,47487000
113,62092231;7,76390900;19,56541000
113,70284231;7,76390900;19,56541000
113,78476231;7,85210700;18,65902000
113,86668231;7,76390900;18,65902000
113,94860231;7,85210700;17,75262000
114,03052231;7,85210700;17,75262000
114,11244231;7,85210700;16,84316000
114,19436231;7,94061100;15,93676000
114,27628231;7,94061100;15,02731000
114,35820231;7,94061100;15,02731000
114,44012231;7,94061100;13,21146000
114,52204231;7,94061100;12,30506000
114,60396231;8,02881000;12,30506000
114,68588230;8,02881000;11,39561000
114,76780230;7,94061100;11,39561000
114,84972230;7,94061100;12,30506000
114,93164230;7,94061100;12,30506000
115,01356230;7,94061100;13,21146000
115,09548230;7,94061100;14,12091000
115,17740230;7,85210700;15,02731000
115,25932230;7,85210700;14,12091000
115,34124230;7,76390900;14,12091000
115,42316230;7,76390900;13,21146000
115,50508230;7,67571000;13,21146000
115,58700230;7,67571000;13,21146000
115,66892230;7,58751200;13,21146000
115,75084230;7,58751200;13,21146000
115,83276230;7,58751200;13,21146000
115,91468230;7,49931300;13,21146000
115,99660230;7,49931300;13,21146000
116,07852230;7,49931300;13,21146000
116,16044230;7,41111500;13,21146000
116,24236230;7,41111500;12,30506000
116,32428229;7,41111500;12,30506000
116,40620229;7,41111500;11,39561000
116,48812229;7,32291700;11,39561000
116,57004229;7,32291700;10,48921000
116,65196229;7,32291700;10,48921000
116,73388229;7,32291700;9,58281100
116,81580229;7,32291700;8,67336000
116,89772229;7,32291700;7,76696100
116,97964229;7,23441200;7,76696100
117,06156229;7,23441200;7,76696100
117,14348229;7,23441200;5,95110900
117,22540229;7,23441200;5,95110900
117,30732229;7,23441200;4,13525800
117,38924229;7,14621400;3,22885800
117,47116229;7,14621400;2,32245900
117,55308229;7,14621400;0,50660720
117,63500229;7,05801500;-0,39979250
117,71692229;7,05801500;-2,21564400
117,79884229;6,96981700;-4,03149500
117,88076229;6,96981700;-4,93789500
117,96268228;6,96981700;-6,75374600
118,04460228;6,96981700;-8,56959700
118,12652228;6,88161800;-10,38545000
118,20844228;6,88161800;-11,29490000
118,29036228;6,88161800;-13,10770000
118,37228228;6,88161800;-14,01715000
118,45420228;6,88161800;-15,83300000
118,53612228;6,79342000;-16,73940000
118,61804228;6,79342000;-17,64885000
118,69996228;6,79342000;-19,46165000
118,78188228;6,79342000;-20,37111000
118,86380228;6,70491600;-21,27750000
118,94572228;6,70491600;-22,18696000
119,02764228;6,70491600;-23,09336000
119,10956228;6,70491600;-24,00281000
119,19148228;6,61671800;-23,09336000
119,27340228;6,61671800;-24,00281000
119,35532228;6,61671800;-24,00281000
119,43724228;6,61671800;-23,09336000
119,51916228;6,52852000;-23,09336000
119,60108228;6,52852000;-22,18696000
119,68300227;6,52852000;-21,27750000
119,76492227;6,44032100;-21,27750000
119,84684227;6,44032100;-20,37111000
119,92876227;6,52852000;-19,46165000
120,01068227;6,44032100;-18,55525000
120,09260227;6,35212200;-17,64885000
120,17452227;6,35212200;-17,64885000
120,25644227;6,35212200;-16,73940000
120,33836227;6,35212200;-15,83300000
120,42028227;6,26392400;-15,83300000
120,50220227;6,26392400;-14,92355000
120,58412227;6,17572500;-15,83300000
120,66604227;6,26392400;-14,92355000
120,74796227;6,17572500;-15,83300000
120,82988227;6,17572500;-15,83300000
120,91180227;6,17572500;-16,73940000
120,99372227;6,17572500;-16,73940000
121,07564227;6,17572500;-17,64885000
121,15756227;6,17572500;-17,64885000
121,23948227;6,08722200;-18,55525000
121,32140226;6,08722200;-20,37111000
121,40332226;5,99902300;-20,37111000
121,48524226;5,99902300;-21,27750000
121,56716226;5,99902300;-22,18696000
121,64908226;5,99902300;-23,09336000
121,73100226;5,99902300;-24,00281000
121,81292226;5,91082500;-24,00281000
121,89484226;5,91082500;-24,00281000
121,97676226;5,82262600;-24,90921000
122,05868226;5,82262600;-24,90921000
122,14060226;5,82262600;-24,90921000
122,22252226;5,82262600;-24,90921000
122,30444226;5,82262600;-24,90921000
122,38636226;5,82262600;-24,90921000
122,46828226;5,73442800;-24,90921000
122,55020226;5,73442800;-24,00281000
122,63212226;5,73442800;-24,00281000
122,71404226;5,64622900;-23,09336000
122,79596226;5,64622900;-22,18696000
122,87788226;5,64622900;-21,27750000
122,95980225;5,55772600;-19,46165000
123,04172225;5,64622900;-17,64885000
123,12364225;5,55772600;-16,73940000
123,20556225;5,55772600;-15,83300000
123,28748225;5,46952700;-14,92355000
123,36940225;5,46952700;-13,10770000
123,45132225;5,46952700;-13,10770000
123,53324225;5,46952700;-11,29490000
123,61516225;5,46952700;-10,38545000
123,69708225;5,38132900;-10,38545000
123,77900225;5,38132900;-10,38545000
123,86092225;5,38132900;-10,38545000
123,94284225;5,29313000;-10,38545000
124,02476225;5,29313000;-11,29490000
124,10668225;5,29313000;-11,29490000
124,18860225;5,20493100;-13,10770000
124,27052225;5,20493100;-13,10770000
124,35244225;5,20493100;-14,01715000
124,43436225;5,20493100;-15,83300000
124,51628225;5,11673400;-16,73940000
124,59820224;5,11673400;-17,64885000
124,68012224;5,11673400;-18,55525000
124,76204224;5,11673400;-19,46165000
124,84396224;5,11673400;-20,37111000
124,92588224;5,02822900;-21,27750000
125,00780224;5,02822900;-22,18696000
125,08972224;5,02822900;-21,27750000
125,17164224;4,94003100;-22,18696000
125,25356224;4,94003100;-23,09336000
125,33548224;4,94003100;-24,00281000
125,41740224;4,94003100;-23,09336000
125,49932224;4,94003100;-24,00281000
125,58124224;4,85183300;-24,00281000
125,66316224;4,94003100;-24,00281000
125,74508224;4,85183300;-24,00281000
125,82700224;4,85183300;-24,00281000
125,90892224;4,76363400;-24,00281000
125,99084224;4,76363400;-24,00281000
126,07276224;4,76363400;-24,00281000
126,15468224;4,76363400;-24,00281000
126,23660223;4,67543600;-24,00281000
126,31852223;4,67543600;-24,00281000
126,40044223;4,58723700;-23,09336000
126,48236223;4,58723700;-23,09336000
126,56428223;4,58723700;-22,18696000
126,64620223;4,58723700;-22,18696000
126,72812223;4,58723700;-21,27750000
126,81004223;4,49903900;-21,27750000
126,89196223;4,49903900;-21,27750000
126,97388223;4,49903900;-20,37111000
127,05580223;4,49903900;-20,37111000
127,13772223;4,41053500;-19,46165000
127,21964223;4,49903900;-18,55525000
127,30156223;4,41053500;-17,64885000
127,38348223;4,41053500;-17,64885000
127,46540223;4,41053500;-17,64885000
127,54732223;4,41053500;-16,73940000
127,62924223;4,41053500;-15,83300000
127,71116223;4,41053500;-15,83300000
127,79308223;4,23413800;-14,92355000
127,87500222;4,23413800;-14,92355000
127,95692222;4,23413800;-14,92355000
128,03884222;4,23413800;-14,92355000
128,12076222;4,23413800;-14,92355000
128,20268222;4,14594000;-14,92355000
128,28460222;4,05774100;-14,92355000
128,36652222;4,14594000;-14,92355000
128,44844222;4,14594000;-14,92355000
128,53036222;4,05774100;-14,92355000
128,61228222;4,05774100;-15,83300000
128,69420222;4,05774100;-15,83300000
128,77612222;3,96954300;-16,73940000
128,85804222;4,05774100;-15,83300000
128,93996222;3,96954300;-15,83300000
129,02188222;3,88103900;-16,73940000
129,10380222;3,88103900;-15,83300000
129,18572222;3,88103900;-14,92355000
129,26764222;3,88103900;-14,01715000
129,34956222;3,88103900;-14,01715000
129,43148222;3,88103900;-13,10770000
129,51340221;3,79284000;-12,20130000
129,59532221;3,79284000;-11,29490000
129,67724221;3,79284000;-9,47904900
129,75916221;3,70464200;-8,56959700
129,84108221;3,70464200;-7,66319800
129,92300221;3,70464200;-5,84734600
130,00492221;3,70464200;-4,03149500
130,08684221;3,70464200;-2,21564400
130,16876221;3,61644300;-0,39979250
130,25068221;3,61644300;1,41605900
130,33260221;3,52824500;2,32245900
130,41452221;3,61644300;5,04165700
130,49644221;3,52824500;5,04165700
130,57836221;3,52824500;7,76696100
130,66028221;3,44004600;8,67336000
130,74220221;3,44004600;10,48921000
130,82412221;3,44004600;11,39561000
130,90604221;3,44004600;11,39561000
130,98796221;3,35184800;12,30506000
131,06988221;3,35184800;13,21146000
131,15180220;3,35184800;13,21146000
131,23372220;3,35184800;13,21146000
131,31564220;3,26334400;13,21146000
131,39756220;3,26334400;13,21146000
131,47948220;3,26334400;13,21146000
131,56140220;3,26334400;13,21146000
131,64332220;3,17514600;13,21146000
131,72524220;3,17514600;12,30506000
131,80716220;3,17514600;12,30506000
131,88908220;3,17514600;12,30506000
131,97100220;3,08694700;12,30506000
132,05292220;3,08694700;11,39561000
132,13484220;3,08694700;11,39561000
132,21676220;2,99874900;11,39561000
132,29868220;2,99874900;11,39561000
132,38060220;2,99874900;11,39561000
132,46252220;2,99874900;12,30506000
132,54444220;2,99874900;12,30506000
132,62636220;2,99874900;12,30506000
132,70828220;2,91055000;13,21146000
132,79020219;2,91055000;14,12091000
132,87212219;2,91055000;14,12091000
132,95404219;2,91055000;15,02731000
133,03596219;2,82235200;15,93676000
133,11788219;2,82235200;15,93676000
133,19980219;2,82235200;17,75262000
133,28172219;2,73384800;18,65902000
133,36364219;2,73384800;19,56541000
133,44556219;2,73384800;19,56541000
133,52748219;2,73384800;20,47487000
133,60940219;2,64565000;22,29072000
133,69132219;2,64565000;22,29072000
133,77324219;2,64565000;23,19712000
133,85516219;2,64565000;24,10657000
133,93708219;2,55745100;25,01297000
134,01900219;2,55745100;25,91937000
134,10092219;2,46925300;25,91937000
134,18284219;2,46925300;26,82882000
134,26476219;2,46925300;26,82882000
134,34668219;2,46925300;27,73522000
134,42860218;2,46925300;27,73522000
134,51052218;2,46925300;28,64467000
134,59244218;2,38105400;28,64467000
134,67436218;2,38105400;27,73522000
134,75628218;2,29285600;27,73522000
134,83820218;2,29285600;27,73522000
134,92012218;2,29285600;26,82882000
135,00204218;2,29285600;26,82882000
135,08396218;2,29285600;25,91937000
135,16588218;2,29285600;25,91937000
135,24780218;2,20435200;26,82882000
135,32972218;2,20435200;25,01297000
135,41164218;2,20435200;25,01297000
135,49356218;2,11615300;25,01297000
135,57548218;2,11615300;25,91937000
135,65740218;2,02795500;25,01297000
135,73932218;2,11615300;25,01297000
135,82124218;2,02795500;24,10657000
135,90316218;2,02795500;24,10657000
135,98508218;2,02795500;24,10657000
136,06700217;2,02795500;24,10657000
136,14892217;1,93975600;24,10657000
136,23084217;1,93975600;23,19712000
136,31276217;1,93975600;23,19712000
136,39468217;1,93975600;23,19712000
136,47660217;1,93975600;22,29072000
136,55852217;1,93975600;22,29072000
136,64044217;1,85155800;21,38127000
136,72236217;1,76335900;20,47487000
136,80428217;1,76335900;20,47487000
136,88620217;1,76335900;19,56541000
136,96812217;1,76335900;19,56541000
137,05004217;1,67516100;19,56541000
137,13196217;1,76335900;19,56541000
137,21388217;1,67516100;18,65902000
137,29580217;1,67516100;18,65902000
137,37772217;1,58665700;18,65902000
137,45964217;1,58665700;18,65902000
137,54156217;1,58665700;18,65902000
137,62348217;1,58665700;17,75262000
137,70540217;1,58665700;18,65902000
137,78732216;1,49845900;18,65902000
137,86924216;1,49845900;18,65902000
137,95116216;1,49845900;18,65902000
138,03308216;1,41026000;17,75262000
138,11500216;1,41026000;17,75262000
138,19692216;1,41026000;17,75262000
138,27884216;1,32206200;16,84316000
138,36076216;1,32206200;15,93676000
138,44268216;1,32206200;15,93676000
138,52460216;1,23386300;15,93676000
138,60652216;1,23386300;15,02731000
138,68844216;1,23386300;14,12091000
138,77036216;1,23386300;13,21146000
138,85228216;1,23386300;12,30506000
138,93420216;1,23386300;11,39561000
139,01612216;1,23386300;11,39561000
139,09804216;1,14566500;10,48921000
139,17996216;1,14566500;9,58281100
139,26188216;1,05716100;7,76696100
139,34380216;1,05716100;7,76696100
139,42572215;1,05716100;5,95110900
139,50764215;1,05716100;5,04165700
139,58956215;1,05716100;4,13525800
139,67148215;1,05716100;4,13525800
139,75340215;1,05716100;3,22885800
139,83532215;1,05716100;3,22885800
139,91724215;1,05716100;3,22885800
139,99916215;1,05716100;3,22885800
140,08108215;1,05716100;3,22885800
140,16300215;1,14566500;4,13525800
140,24492215;1,14566500;4,13525800
140,32684215;1,23386300;4,13525800
140,40876215;1,23386300;4,13525800
140,49068215;1,32206200;4,13525800
140,57260215;1,41026000;3,22885800
140,65452215;1,41026000;1,41605900
140,73644215;1,41026000;1,41605900
140,81836215;1,41026000;0,50660720
140,90028215;1,49845900;-0,39979250
140,98220215;1,49845900;-1,30924400
141,06412214;1,58665700;-2,21564400
141,14604214;1,58665700;-2,21564400
141,22796214;1,58665700;-2,21564400
141,30988214;1,58665700;-2,21564400
141,39180214;1,58665700;-2,21564400
141,47372214;1,58665700;-3,12509500
141,55564214;1,67516100;-3,12509500
141,63756214;1,67516100;-3,12509500
141,71948214;1,67516100;-3,12509500
141,80140214;1,67516100;-3,12509500
141,88332214;1,67516100;-3,12509500
141,96524214;1,76335900;-4,03149500
142,04716214;1,76335900;-3,12509500
142,12908214;1,76335900;-4,03149500
142,21100214;1,85155800;-4,03149500
142,29292214;1,85155800;-4,93789500
142,37484214;1,85155800;-4,93789500
142,45676214;1,93975600;-4,93789500
142,53868214;1,93975600;-4,93789500
142,62060214;1,93975600;-4,93789500
142,70252213;1,93975600;-4,93789500
142,78444213;2,02795500;-5,84734600
142,86636213;2,02795500;-5,84734600
142,94828213;2,02795500;-5,84734600
143,03020213;2,02795500;-5,84734600
143,11212213;2,02795500;-6,75374600
143,19404213;2,11615300;-6,75374600
143,27596213;2,11615300;-6,75374600
143,35788213;2,20435200;-7,66319800
143,43980213;2,11615300;-7,66319800
143,52172213;2,20435200;-8,56959700
143,60364213;2,20435200;-8,56959700
143,68556213;2,29285600;-9,47904900
143,76748213;2,29285600;-9,47904900
143,84940213;2,29285600;-9,47904900
143,93132213;2,29285600;-10,38545000
144,01324213;2,29285600;-10,38545000
144,09516213;2,29285600;-11,29490000
144,17708213;2,38105400;-11,29490000
144,25900213;2,38105400;-13,10770000
144,34092212;2,38105400;-14,01715000
144,42284212;2,38105400;-14,01715000
144,50476212;2,46925300;-14,92355000
144,58668212;2,46925300;-16,73940000
144,66860212;2,46925300;-17,64885000
144,75052212;2,55745100;-18,55525000
144,83244212;2,55745100;-20,37111000
144,91436212;2,55745100;-21,27750000
144,99628212;2,64565000;-22,18696000
145,07820212;2,64565000;-23,09336000
145,16012212;2,64565000;-24,00281000
145,24204212;2,64565000;-25,81866000
145,32396212;2,64565000;-26,72506000
145,40588212;2,64565000;-27,63146000
145,48780212;2,82235200;-28,54091000
145,56972212;2,82235200;-28,54091000
145,65164212;2,82235200;-30,35676000
145,73356212;2,82235200;-30,35676000
145,81548212;2,82235200;-31,26316000
145,89740212;2,82235200;-32,17261000
145,97932211;2,82235200;-32,17261000
146,06124211;2,91055000;-32,17261000
146,14316211;2,91055000;-33,07901000
146,22508211;2,91055000;-33,98541000
146,30700211;2,99874900;-33,98541000
146,38892211;2,99874900;-33,98541000
146,47084211;2,99874900;-34,89486000
146,55276211;2,99874900;-34,89486000
146,63468211;2,99874900;-34,89486000
146,71660211;3,08694700;-34,89486000
146,79852211;3,08694700;-34,89486000
146,88044211;3,08694700;-35,80126000
146,96236211;3,17514600;-34,89486000
147,04428211;3,17514600;-34,89486000
147,12620211;3,17514600;-34,89486000
147,20812211;3,17514600;-33,98541000
147,29004211;3,26334400;-34,89486000
147,37196211;3,26334400;-33,98541000
147,45388211;3,26334400;-33,98541000
147,53580211;3,35184800;-33,98541000
147,61772210;3,35184800;-34,89486000
147,69964210;3,35184800;-33,98541000
147,78156210;3,35184800;-33,98541000
147,86348210;3,35184800;-33,98541000
147,94540210;3,44004600;-34,89486000
148,02732210;3,44004600;-33,98541000
148,10924210;3,44004600;-34,89486000
148,19116210;3,44004600;-34,89486000
148,27308210;3,52824500;-35,80126000
148,35500210;3,52824500;-35,80126000
148,43692210;3,52824500;-36,71072000
148,51884210;3,61644300;-38,52657000
148,60076210;3,61644300;-38,52657000
148,68268210;3,61644300;-38,52657000
148,76460210;3,61644300;-39,43297000
148,84652210;3,70464200;-39,43297000
148,92844210;3,70464200;-40,34242000
149,01036210;3,70464200;-40,34242000
149,09228210;3,79284000;-40,34242000
149,17420210;3,79284000;-40,34242000
149,25612209;3,79284000;-39,43297000
149,33804209;3,79284000;-39,43297000
149,41996209;3,79284000;-39,43297000
149,50188209;3,88103900;-38,52657000
149,58380209;3,88103900;-38,52657000
149,66572209;3,88103900;-36,71072000
149,74764209;3,88103900;-35,80126000
149,82956209;3,88103900;-34,89486000
149,91148209;3,96954300;-33,07901000
149,99340209;3,96954300;-32,17261000
150,07532209;4,05774100;-29,44731000
150,15724209;4,05774100;-27,63146000
150,23916209;4,05774100;-25,81866000
150,32108209;4,05774100;-24,00281000
150,40300209;4,05774100;-21,27750000
150,48492209;4,14594000;-20,37111000
150,56684209;4,14594000;-17,64885000
150,64876209;4,14594000;-16,73940000
150,73068209;4,14594000;-14,01715000
150,81260209;4,23413800;-13,10770000
150,89452208;4,23413800;-11,29490000
150,97644208;4,23413800;-10,38545000
151,05836208;4,32233700;-9,47904900
151,14028208;4,32233700;-8,56959700
151,22220208;4,32233700;-6,75374600
151,30412208;4,41053500;-6,75374600
151,38604208;4,41053500;-4,93789500
151,46796208;4,41053500;-4,93789500
151,54988208;4,41053500;-4,03149500
151,63180208;4,41053500;-3,12509500
151,71372208;4,49903900;-3,12509500
151,79564208;4,49903900;-2,21564400
151,87756208;4,58723700;-2,21564400
151,95948208;4,58723700;-0,39979250
152,04140208;4,58723700;-1,30924400
152,12332208;4,58723700;0,50660720
152,20524208;4,58723700;0,50660720
152,28716208;4,58723700;1,41605900
152,36908208;4,58723700;1,41605900
152,45100208;4,67543600;2,32245900
152,53292207;4,67543600;3,22885800
152,61484207;4,67543600;4,13525800
152,69676207;4,67543600;4,13525800
152,77868207;4,76363400;5,04165700
152,86060207;4,76363400;5,95110900
152,94252207;4,76363400;6,85750900
153,02444207;4,76363400;7,76696100
153,10636207;4,76363400;8,67336000
153,18828207;4,85183300;10,48921000
153,27020207;4,85183300;11,39561000
153,35212207;4,85183300;12,30506000
153,43404207;4,94003100;13,21146000
153,51596207;4,94003100;15,02731000
153,59788207;4,94003100;15,93676000
153,67980207;4,94003100;18,65902000
153,76172207;5,02822900;19,56541000
153,84364207;5,02822900;19,56541000
153,92556207;5,02822900;22,29072000
154,00748207;5,11673400;22,29072000
154,08940207;5,11673400;23,19712000
154,17132206;5,11673400;24,10657000
154,25324206;5,20493100;25,01297000
154,33516206;5,11673400;25,91937000
154,41708206;5,20493100;25,91937000
154,49900206;5,20493100;26,82882000
154,58092206;5,20493100;26,82882000
154,66284206;5,29313000;26,82882000
154,74476206;5,29313000;27,73522000
154,82668206;5,29313000;27,73522000
154,90860206;5,29313000;27,73522000
154,99052206;5,29313000;27,73522000
155,07244206;5,38132900;27,73522000
155,15436206;5,38132900;25,91937000
155,23628206;5,46952700;25,91937000
155,31820206;5,46952700;25,91937000
155,40012206;5,46952700;24,10657000
155,48204206;5,46952700;23,19712000
155,56396206;5,46952700;23,19712000
155,64588206;5,55772600;22,29072000
155,72780206;5,55772600;20,47487000
155,80972205;5,55772600;19,56541000
155,89164205;5,55772600;18,65902000
155,97356205;5,64622900;17,75262000
156,05548205;5,64622900;16,84316000
156,13740205;5,64622900;15,93676000
156,21932205;5,64622900;15,93676000
156,30124205;5,73442800;15,02731000
156,38316205;5,73442800;15,02731000
156,46508205;5,73442800;15,02731000
156,54700205;5,82262600;15,02731000
156,62892205;5,82262600;15,02731000
156,71084205;5,82262600;15,02731000
156,79276205;5,82262600;15,02731000
156,87468205;5,82262600;15,02731000
156,95660205;5,91082500;15,02731000
157,03852205;5,91082500;15,02731000
157,12044205;5,91082500;15,93676000
157,20236205;5,91082500;15,93676000
157,28428205;5,99902300;15,93676000
157,36620205;5,99902300;15,93676000
157,44812205;5,99902300;15,93676000
157,53004204;5,99902300;16,84316000
157,61196204;6,08722200;16,84316000
157,69388204;6,08722200;17,75262000
157,77580204;6,17572500;17,75262000
157,85772204;6,17572500;17,75262000
157,93964204;6,17572500;18,65902000
158,02156204;6,17572500;18,65902000
158,10348204;6,26392400;18,65902000
158,18540204;6,17572500;18,65902000
158,26732204;6,26392400;16,84316000
158,34924204;6,26392400;16,84316000
158,43116204;6,35212200;16,84316000
158,51308204;6,26392400;15,93676000
158,59500204;6,35212200;15,02731000
158,67692204;6,35212200;14,12091000
158,75884204;6,35212200;14,12091000
158,84076204;6,44032100;13,21146000
158,92268204;6,44032100;12,30506000
159,00460204;6,44032100;11,39561000
159,08652204;6,44032100;10,48921000
159,16844203;6,52852000;9,58281100
159,25036203;6,52852000;8,67336000
159,33228203;6,52852000;8,67336000
159,41420203;6,52852000;7,76696100
159,49612203;6,52852000;7,76696100
159,57804203;6,61671800;7,76696100
159,65996203;6,61671800;7,76696100
159,74188203;6,61671800;7,76696100
159,82380203;6,70491600;7,76696100
159,90572203;6,70491600;7,76696100
159,98764203;6,70491600;8,67336000
160,06956203;6,70491600;9,58281100
160,15148203;6,79342000;10,48921000
160,23340203;6,79342000;11,39561000
160,31532203;6,79342000;11,39561000
160,39724203;6,88161800;12,30506000
160,47916203;6,88161800;12,30506000
160,56108203;6,88161800;13,21146000
160,64300203;6,88161800;14,12091000
160,72492203;6,88161800;15,02731000
160,80684202;6,96981700;15,93676000
160,88876202;6,96981700;16,84316000
160,97068202;6,96981700;17,75262000
161,05260202;6,96981700;18,65902000
161,13452202;6,96981700;19,56541000
161,21644202;7,05801500;20,47487000
161,29836202;7,05801500;21,38127000
161,38028202;7,14621400;22,29072000
161,46220202;7,14621400;22,29072000
161,54412202;7,23441200;23,19712000
161,62604202;7,23441200;23,19712000
161,70796202;7,23441200;24,10657000
161,78988202;7,23441200;24,10657000
161,87180202;7,23441200;24,10657000
161,95372202;7,23441200;24,10657000
162,03564202;7,23441200;24,10657000
162,11756202;7,32291700;23,19712000
162,19948202;7,32291700;23,19712000
162,28140202;7,32291700;22,29072000
162,36332202;7,41111500;22,29072000
162,44524201;7,32291700;22,29072000
162,52716201;7,41111500;20,47487000
162,60908201;7,49931300;20,47487000
162,69100201;7,49931300;19,56541000
162,77292201;7,49931300;18,65902000
162,85484201;7,58751200;18,65902000
162,93676201;7,58751200;16,84316000
163,01868201;7,58751200;16,84316000
163,10060201;7,58751200;15,93676000
163,18252201;7,58751200;15,02731000
163,26444201;7,67571000;15,02731000
163,34636201;7,58751200;14,12091000
163,42828201;7,67571000;15,02731000
163,51020201;7,67571000;15,02731000
163,59212201;7,67571000;15,02731000
163,67404201;7,76390900;15,02731000
163,75596201;7,76390900;15,93676000
163,83788201;7,85210700;15,93676000
163,91980201;7,76390900;15,93676000
164,00172201;7,76390900;15,93676000
164,08364200;7,85210700;16,84316000
164,16556200;7,85210700;16,84316000
164,24748200;7,94061100;17,75262000
164,32940200;7,94061100;16,84316000
164,41132200;7,94061100;16,84316000
164,49324200;7,94061100;15,93676000
164,57516200;7,94061100;15,93676000
164,65708200;8,02881000;15,93676000
164,73900200;8,02881000;15,93676000
164,82092200;8,02881000;15,93676000
164,90284200;7,94061100;15,93676000
164,98476200;7,94061100;15,93676000
165,06668200;7,94061100;16,84316000
165,14860200;7,94061100;15,93676000
165,23052200;7,85210700;15,93676000
165,31244200;7,76390900;15,02731000
165,39436200;7,76390900;13,21146000
165,47628200;7,76390900;13,21146000
165,55820200;7,67571000;12,30506000
165,64012200;7,58751200;12,30506000
165,72204199;7,58751200;12,30506000
165,80396199;7,58751200;14,12091000
165,88588199;7,58751200;14,12091000
165,96780199;7,49931300;15,02731000
166,04972199;7,49931300;15,02731000
166,13164199;7,49931300;15,02731000
166,21356199;7,41111500;15,02731000
166,29548199;7,41111500;15,02731000
166,37740199;7,41111500;14,12091000
166,45932199;7,41111500;14,12091000
166,54124199;7,32291700;14,12091000
166,62316199;7,32291700;13,21146000
166,70508199;7,41111500;13,21146000
166,78700199;7,32291700;12,30506000
166,86892199;7,32291700;12,30506000
166,95084199;7,32291700;11,39561000
167,03276199;7,23441200;11,39561000
167,11468199;7,23441200;10,48921000
167,19660199;7,23441200;8,67336000
167,27852199;7,14621400;7,76696100
167,36044198;7,23441200;7,76696100
167,44236198;7,14621400;5,04165700
167,52428198;7,14621400;5,04165700
167,60620198;7,05801500;3,22885800
167,68812198;7,05801500;1,41605900
167,77004198;7,05801500;-0,39979250
167,85196198;7,05801500;-1,30924400
167,93388198;6,96981700;-3,12509500
168,01580198;6,96981700;-4,03149500
168,09772198;6,88161800;-5,84734600
168,17964198;6,88161800;-6,75374600
168,26156198;6,88161800;-7,66319800
168,34348198;6,88161800;-9,47904900
168,42540198;6,88161800;-9,47904900
168,50732198;6,88161800;-10,38545000
168,58924198;6,79342000;-11,29490000
168,67116198;6,79342000;-12,20130000
168,75308198;6,79342000;-13,10770000
168,83500198;6,70491600;-13,10770000
168,91692198;6,70491600;-13,10770000
168,99884197;6,70491600;-14,01715000
169,08076197;6,70491600;-14,01715000
169,16268197;6,70491600;-14,01715000
169,24460197;6,61671800;-14,01715000
169,32652197;6,61671800;-14,01715000
169,40844197;6,52852000;-14,01715000
169,49036197;6,52852000;-14,01715000
169,57228197;6,52852000;-14,01715000
169,65420197;6,52852000;-14,01715000
169,73612197;6,52852000;-14,01715000
169,81804197;6,52852000;-13,10770000
169,89996197;6,44032100;-13,10770000
169,98188197;6,44032100;-13,10770000
170,06380197;6,44032100;-13,10770000
170,14572197;6,35212200;-13,10770000
170,22764197;6,35212200;-13,10770000
170,30956197;6,35212200;-13,10770000
170,39148197;6,35212200;-12,20130000
170,47340197;6,26392400;-13,10770000
170,55532197;6,26392400;-13,10770000
170,63724196;6,26392400;-13,10770000
170,71916196;6,17572500;-14,01715000
170,80108196;6,17572500;-14,01715000
170,88300196;6,17572500;-14,92355000
170,96492196;6,17572500;-16,73940000
171,04684196;6,17572500;-16,73940000
171,12876196;6,17572500;-17,64885000
171,21068196;6,08722200;-18,55525000
171,29260196;6,08722200;-19,46165000
171,37452196;5,99902300;-20,37111000
171,45644196;5,99902300;-21,27750000
171,53836196;5,99902300;-21,27750000
171,62028196;5,99902300;-23,09336000
171,70220196;5,99902300;-24,00281000
171,78412196;5,99902300;-24,00281000
171,86604196;5,91082500;-24,90921000
171,94796196;5,91082500;-25,81866000
172,02988196;5,82262600;-26,72506000
172,11180196;5,82262600;-27,63146000
172,19372196;5,82262600;-27,63146000
172,27564195;5,82262600;-27,63146000
172,35756195;5,82262600;-28,54091000
172,43948195;5,73442800;-28,54091000
172,52140195;5,73442800;-28,54091000
172,60332195;5,73442800;-28,54091000
172,68524195;5,64622900;-29,44731000
172,76716195;5,64622900;-29,44731000
172,84908195;5,64622900;-29,44731000
172,93100195;5,64622900;-28,54091000
173,01292195;5,64622900;-27,63146000
173,09484195;5,55772600;-27,63146000
173,17676195;5,55772600;-26,72506000
173,25868195;5,46952700;-25,81866000
173,34060195;5,46952700;-24,90921000
173,42252195;5,46952700;-24,00281000
173,50444195;5,46952700;-24,00281000
173,58636195;5,46952700;-23,09336000
173,66828195;5,46952700;-22,18696000
173,75020195;5,38132900;-22,18696000
173,83212195;5,29313000;-22,18696000
173,91404194;5,38132900;-21,27750000
173,99596194;5,29313000;-22,18696000
174,07788194;5,29313000;-21,27750000
174,15980194;5,29313000;-22,18696000
174,24172194;5,20493100;-23,09336000
174,32364194;5,20493100;-24,00281000
174,40556194;5,20493100;-24,00281000
174,48748194;5,11673400;-24,90921000
174,56940194;5,20493100;-24,90921000
174,65132194;5,11673400;-25,81866000
174,73324194;5,11673400;-24,90921000
174,81516194;5,11673400;-26,72506000
174,89708194;5,11673400;-26,72506000
174,97900194;5,02822900;-26,72506000
175,06092194;5,02822900;-27,63146000
175,14284194;5,02822900;-27,63146000
175,22476194;5,02822900;-27,63146000
175,30668194;4,94003100;-28,54091000
175,38860194;4,94003100;-28,54091000
175,47052194;4,94003100;-28,54091000
175,55244193;4,85183300;-28,54091000
175,63436193;4,85183300;-28,54091000
175,71628193;4,85183300;-28,54091000
175,79820193;4,76363400;-28,54091000
175,88012193;4,76363400;-28,54091000
175,96204193;4,76363400;-28,54091000
176,04396193;4,76363400;-27,63146000
176,12588193;4,76363400;-26,72506000
176,20780193;4,76363400;-25,81866000
176,28972193;4,67543600;-24,90921000
176,37164193;4,67543600;-24,90921000
176,45356193;4,58723700;-24,00281000
176,53548193;4,58723700;-23,09336000
176,61740193;4,58723700;-23,09336000
176,69932193;4,58723700;-22,18696000
176,78124193;4,49903900;-21,27750000
176,86316193;4,49903900;-20,37111000
176,94508193;4,49903900;-20,37111000
177,02700193;4,49903900;-18,55525000
177,10892193;4,49903900;-17,64885000
177,19084193;4,41053500;-16,73940000
177,27276192;4,41053500;-16,73940000
177,35468192;4,41053500;-15,83300000
177,43660192;4,41053500;-14,92355000
177,51852192;4,41053500;-14,92355000
177,60044192;4,41053500;-14,01715000
177,68236192;4,32233700;-13,10770000
177,76428192;4,41053500;-13,10770000
177,84620192;4,23413800;-12,20130000
177,92812192;4,32233700;-11,29490000
178,01004192;4,23413800;-10,38545000
178,09196192;4,23413800;-10,38545000
178,17388192;4,23413800;-10,38545000
178,25580192;4,14594000;-10,38545000
178,33772192;4,14594000;-10,38545000
178,41964192;4,05774100;-9,47904900
178,50156192;4,05774100;-9,47904900
178,58348192;4,05774100;-9,47904900
178,66540192;4,05774100;-8,56959700
178,74732192;4,05774100;-8,56959700
178,82924192;4,05774100;-7,66319800
178,91116191;3,96954300;-6,75374600
178,99308191;3,96954300;-6,75374600
179,07500191;3,88103900;-5,84734600
179,15692191;3,88103900;-4,93789500
179,23884191;3,88103900;-4,03149500
179,32076191;3,88103900;-3,12509500
179,40268191;3,88103900;-2,21564400
179,48460191;3,79284000;-0,39979250
179,56652191;3,79284000;0,50660720
179,64844191;3,79284000;1,41605900
179,73036191;3,79284000;2,32245900
179,81228191;3,70464200;4,13525800
179,89420191;3,70464200;5,04165700
179,97612191;3,70464200;6,85750900
180,05804191;3,70464200;7,76696100
180,13996191;3,70464200;10,48921000
180,22188191;3,70464200;11,39561000
180,30380191;3,52824500;13,21146000
180,38572191;3,52824500;15,02731000
180,46764191;3,52824500;16,84316000
180,54956190;3,52824500;18,65902000
180,63148190;3,52824500;20,47487000
180,71340190;3,52824500;21,38127000
180,79532190;3,44004600;23,19712000
180,87724190;3,44004600;24,10657000
180,95916190;3,44004600;25,01297000
181,04108190;3,35184800;25,91937000
181,12300190;3,35184800;26,82882000
181,20492190;3,35184800;26,82882000
181,28684190;3,35184800;27,73522000
181,36876190;3,26334400;27,73522000
181,45068190;3,26334400;27,73522000
181,53260190;3,26334400;27,73522000
181,61452190;3,26334400;26,82882000
181,69644190;3,17514600;25,91937000
181,77836190;3,17514600;25,91937000
181,86028190;3,17514600;25,01297000
181,94220190;3,17514600;25,01297000
182,02412190;3,17514600;23,19712000
182,10604190;3,08694700;23,19712000
182,18796189;3,08694700;23,19712000
182,26988189;2,99874900;22,29072000
182,35180189;2,99874900;22,29072000
182,43372189;2,99874900;22,29072000
182,51564189;2,99874900;22,29072000
182,59756189;2,99874900;21,38127000
182,67948189;2,91055000;21,38127000
182,76140189;2,91055000;21,38127000
182,84332189;2,91055000;20,47487000
182,92524189;2,82235200;20,47487000
183,00716189;2,82235200;20,47487000
183,08908189;2,82235200;21,38127000
183,17100189;2,82235200;20,47487000
183,25292189;2,73384800;21,38127000
183,33484189;2,73384800;21,38127000
183,41676189;2,73384800;22,29072000
183,49868189;2,64565000;22,29072000
183,58060189;2,64565000;22,29072000
183,66252189;2,64565000;23,19712000
183,74444189;2,64565000;24,10657000
183,82636188;2,64565000;24,10657000
183,90828188;2,64565000;25,91937000
183,99020188;2,55745100;25,91937000
184,07212188;2,55745100;26,82882000
184,15404188;2,46925300;27,73522000
184,23596188;2,55745100;27,73522000
184,31788188;2,46925300;28,64467000
184,39980188;2,46925300;28,64467000
184,48172188;2,46925300;29,55107000
184,56364188;2,38105400;28,64467000
184,64556188;2,38105400;28,64467000
184,72748188;2,38105400;27,73522000
184,80940188;2,29285600;27,73522000
184,89132188;2,29285600;26,82882000
184,97324188;2,29285600;25,91937000
185,05516188;2,29285600;25,01297000
185,13708188;2,29285600;23,19712000
185,21900188;2,20435200;22,29072000
185,30092188;2,20435200;21,38127000
185,38284188;2,11615300;20,47487000
185,46476187;2,20435200;19,56541000
185,54668187;2,11615300;18,65902000
185,62860187;2,11615300;17,75262000
185,71052187;2,11615300;15,93676000
185,79244187;2,11615300;15,02731000
185,87436187;2,02795500;15,02731000
185,95628187;2,02795500;14,12091000
186,03820187;2,02795500;13,21146000
186,12012187;1,93975600;12,30506000
186,20204187;1,93975600;12,30506000
186,28396187;1,93975600;12,30506000
186,36588187;1,93975600;12,30506000
186,44780187;1,93975600;11,39561000
186,52972187;1,93975600;11,39561000
186,61164187;1,85155800;11,39561000
186,69356187;1,85155800;11,39561000
186,77548187;1,76335900;11,39561000
186,85740187;1,76335900;11,39561000
186,93932187;1,76335900;11,39561000
187,02124187;1,76335900;12,30506000
187,10316186;1,76335900;12,30506000
187,18508186;1,67516100;12,30506000
187,26700186;1,67516100;13,21146000
187,34892186;1,67516100;14,12091000
187,43084186;1,58665700;15,02731000
187,51276186;1,58665700;15,02731000
187,59468186;1,58665700;15,93676000
187,67660186;1,58665700;15,93676000
187,75852186;1,58665700;16,84316000
187,84044186;1,41026000;16,84316000
187,92236186;1,49845900;17,75262000
188,00428186;1,41026000;17,75262000
188,08620186;1,41026000;17,75262000
188,16812186;1,41026000;16,84316000
188,25004186;1,41026000;18,65902000
188,33196186;1,32206200;16,84316000
188,41388186;1,32206200;15,93676000
188,49580186;1,32206200;15,93676000
188,57772186;1,32206200;15,93676000
188,65964186;1,23386300;15,93676000
188,74156185;1,23386300;15,02731000
188,82348185;1,23386300;14,12091000
188,90540185;1,23386300;14,12091000
188,98732185;1,23386300;12,30506000
189,06924185;1,14566500;12,30506000
189,15116185;1,14566500;11,39561000
189,23308185;1,14566500;10,48921000
189,31500185;1,05716100;9,58281100
189,39692185;1,05716100;8,67336000
189,47884185;1,05716100;7,76696100
189,56076185;1,05716100;6,85750900
189,64268185;1,05716100;6,85750900
189,72460185;1,05716100;5,95110900
189,80652185;1,05716100;5,95110900
189,88844185;1,05716100;5,95110900
189,97036185;1,05716100;5,95110900
190,05228185;1,05716100;5,95110900
190,13420185;1,05716100;5,95110900
190,21612185;1,14566500;5,95110900
190,29804185;1,23386300;5,95110900
190,37996184;1,23386300;5,95110900
190,46188184;1,23386300;5,04165700
190,54380184;1,32206200;4,13525800
190,62572184;1,32206200;2,32245900
190,70764184;1,41026000;0,50660720
190,78956184;1,41026000;-0,39979250
190,87148184;1,49845900;-2,21564400
190,95340184;1,49845900;-4,03149500
191,03532184;1,58665700;-5,84734600
191,11724184;1,58665700;-6,75374600
191,19916184;1,58665700;-7,66319800
191,28108184;1,58665700;-8,56959700
191,36300184;1,58665700;-9,47904900
191,44492184;1,58665700;-10,38545000
191,52684184;1,58665700;-10,38545000
191,60876184;1,67516100;-11,29490000
191,69068184;1,67516100;-11,29490000
191,77260184;1,67516100;-13,10770000
191,85452184;1,67516100;-13,10770000
191,93644184;1,67516100;-14,01715000
192,01836183;1,76335900;-14,92355000
192,10028183;1,76335900;-16,73940000
192,18220183;1,76335900;-17,64885000
192,26412183;1,85155800;-17,64885000
192,34604183;1,85155800;-19,46165000
192,42796183;1,93975600;-20,37111000
192,50988183;1,93975600;-20,37111000
192,59180183;1,93975600;-21,27750000
192,67372183;1,93975600;-21,27750000
192,75564183;1,93975600;-21,27750000
192,83756183;2,02795500;-21,27750000
192,91948183;2,02795500;-21,27750000
193,00140183;2,02795500;-21,27750000
193,08332183;2,02795500;-21,27750000
193,16524183;2,11615300;-20,37111000
193,24716183;2,11615300;-21,27750000
193,32908183;2,11615300;-20,37111000
193,41100183;2,20435200;-20,37111000
193,49292183;2,20435200;-20,37111000
193,57484183;2,20435200;-19,46165000
193,65676182;2,20435200;-19,46165000
193,73868182;2,20435200;-18,55525000
193,82060182;2,29285600;-18,55525000
193,90252182;2,29285600;-18,55525000
193,98444182;2,29285600;-18,55525000
194,06636182;2,38105400;-18,55525000
194,14828182;2,29285600;-18,55525000
194,23020182;2,38105400;-19,46165000
194,31212182;2,38105400;-20,37111000
194,39404182;2,38105400;-21,27750000
194,47596182;2,46925300;-22,18696000
194,55788182;2,46925300;-23,09336000
194,63980182;2,46925300;-24,00281000
194,72172182;2,55745100;-25,81866000
194,80364182;2,55745100;-27,63146000
194,88556182;2,55745100;-28,54091000
194,96748182;2,55745100;-30,35676000
195,04940182;2,64565000;-32,17261000
195,13132182;2,64565000;-32,17261000
195,21324182;2,64565000;-33,07901000
195,29516182;2,64565000;-34,89486000
195,37708181;2,73384800;-34,89486000
195,45900181;2,73384800;-35,80126000
195,54092181;2,73384800;-35,80126000
195,62284181;2,73384800;-35,80126000
195,70476181;2,82235200;-35,80126000
195,78668181;2,82235200;-34,89486000
195,86860181;2,82235200;-34,89486000
195,95052181;2,82235200;-33,98541000
196,03244181;2,91055000;-33,98541000
196,11436181;2,91055000;-32,17261000
196,19628181;2,91055000;-32,17261000
196,27820181;2,99874900;-31,26316000
196,36012181;2,99874900;-30,35676000
196,44204181;2,99874900;-29,44731000
196,52396181;2,99874900;-28,54091000
196,60588181;2,99874900;-28,54091000
196,68780181;3,08694700;-27,63146000
196,76972181;3,08694700;-26,72506000
196,85164181;3,08694700;-24,90921000
196,93356181;3,17514600;-24,00281000
197,01548180;3,17514600;-23,09336000
197,09740180;3,17514600;-22,18696000
197,17932180;3,17514600;-21,27750000
197,26124180;3,17514600;-20,37111000
197,34316180;3,17514600;-20,37111000
197,42508180;3,26334400;-18,55525000
197,50700180;3,26334400;-17,64885000
197,58892180;3,35184800;-17,64885000
197,67084180;3,35184800;-18,55525000
197,75276180;3,35184800;-17,64885000
197,83468180;3,35184800;-18,55525000
197,91660180;3,35184800;-18,55525000
197,99852180;3,44004600;-18,55525000
198,08044180;3,44004600;-19,46165000
198,16236180;3,44004600;-19,46165000
198,24428180;3,52824500;-19,46165000
198,32620180;3,52824500;-21,27750000
198,40812180;3,52824500;-21,27750000
198,49004180;3,52824500;-22,18696000
198,57196180;3,52824500;-22,18696000
198,65388179;3,61644300;-23,09336000
198,73580179;3,70464200;-23,09336000
198,81772179;3,61644300;-23,09336000
198,89964179;3,70464200;-23,09336000
198,98156179;3,70464200;-23,09336000
199,06348179;3,79284000;-23,09336000
199,14540179;3,79284000;-23,09336000
199,22732179;3,79284000;-22,18696000
199,30924179;3,79284000;-21,27750000
199,39116179;3,79284000;-21,27750000
199,47308179;3,79284000;-21,27750000
199,55500179;3,88103900;-21,27750000
199,63692179;3,88103900;-19,46165000
199,71884179;3,88103900;-18,55525000
199,80076179;3,88103900;-17,64885000
199,88268179;3,96954300;-16,73940000
199,96460179;3,96954300;-16,73940000
200,04652179;3,96954300;-14,92355000
200,12844179;4,05774100;-14,01715000
